Cliente ID,NÃºmero de Compras
2296.0,968
1096.0,894
4651.0,881
1726.0,865
1372.0,856
2800.0,851
2846.0,843
3813.0,822
450.0,816
4757.0,810
3228.0,674
1189.0,671
125.0,654
295.0,619
1961.0,612
5195.0,606
4780.0,579
563.0,574
3224.0,567
4635.0,567
223.0,556
14.0,552
1117.0,548
455.0,547
3067.0,539
791.0,496
2862.0,485
3499.0,484
1296.0,484
2068.0,484
3264.0,484
3938.0,483
2761.0,474
1101.0,468
4099.0,462
2000.0,462
2608.0,432
3121.0,426
308.0,425
1248.0,420
2204.0,419
4179.0,416
2109.0,415
4562.0,411
4736.0,410
1391.0,409
496.0,408
2396.0,405
2720.0,403
2962.0,397
669.0,377
1715.0,373
410.0,373
1514.0,373
1402.0,367
4412.0,366
2002.0,361
5064.0,354
5142.0,354
4891.0,352
4674.0,351
3234.0,350
3261.0,315
378.0,314
2852.0,311
3865.0,308
1856.0,307
834.0,306
2595.0,301
3792.0,296
3799.0,295
4196.0,248
3918.0,247
961.0,246
85.0,237
2402.0,237
1287.0,229
3875.0,229
2330.0,194
2547.0,189
2616.0,185
2377.0,180
4247.0,178
1271.0,178
946.0,176
3472.0,152
25.0,150
2965.0,149
657.0,149
4415.0,145
4913.0,144
3739.0,142
3612.0,142
740.0,138
2478.0,137
4429.0,136
3598.0,135
1041.0,135
4506.0,132
4443.0,131
2324.0,130
993.0,128
3190.0,128
487.0,126
5008.0,124
4311.0,124
3990.0,123
996.0,122
105.0,122
3073.0,121
4616.0,121
899.0,121
5077.0,120
4666.0,120
1399.0,120
3062.0,118
3709.0,118
769.0,117
661.0,117
2454.0,117
3275.0,117
3101.0,116
57.0,116
1206.0,116
1505.0,116
388.0,115
483.0,114
1238.0,114
4764.0,114
2707.0,114
4511.0,114
4454.0,113
424.0,113
5053.0,112
672.0,112
1686.0,112
2286.0,112
3794.0,111
3604.0,111
1590.0,111
2379.0,111
3015.0,111
1746.0,110
4271.0,110
564.0,109
3695.0,109
4879.0,108
4451.0,108
3687.0,107
4517.0,107
3237.0,107
1174.0,105
909.0,105
3032.0,105
2588.0,105
1456.0,104
3557.0,104
3880.0,104
1199.0,103
314.0,103
3626.0,103
2244.0,103
735.0,103
2217.0,102
474.0,102
1168.0,101
1588.0,100
3010.0,100
433.0,100
2597.0,99
292.0,99
1137.0,99
1162.0,99
4236.0,98
1568.0,98
70.0,98
4441.0,97
1278.0,97
2355.0,97
4916.0,96
361.0,96
4947.0,96
4558.0,96
970.0,96
4035.0,95
3438.0,95
1540.0,95
4231.0,95
4637.0,94
4018.0,94
2848.0,94
3511.0,94
1411.0,93
1300.0,93
1646.0,93
2427.0,93
1029.0,93
1437.0,93
3920.0,93
3378.0,93
2453.0,92
4423.0,92
3850.0,92
2563.0,92
4464.0,91
2009.0,91
1812.0,91
2873.0,91
514.0,91
233.0,90
40.0,90
4105.0,90
274.0,90
3534.0,90
658.0,90
2947.0,89
1797.0,89
1557.0,89
2690.0,89
973.0,89
876.0,89
2986.0,89
1749.0,89
346.0,88
2088.0,88
3552.0,88
1141.0,88
2989.0,87
208.0,87
206.0,87
1862.0,87
1131.0,87
2425.0,87
1671.0,87
2457.0,87
5097.0,87
2462.0,87
2745.0,87
2673.0,86
4496.0,86
3640.0,86
21.0,86
3391.0,86
3218.0,86
1948.0,86
2195.0,86
4468.0,86
1025.0,85
4970.0,85
4393.0,85
1792.0,85
2282.0,85
3537.0,85
1256.0,85
2703.0,84
470.0,84
2921.0,84
1442.0,83
1930.0,83
928.0,83
1433.0,83
5060.0,83
1606.0,83
2365.0,83
3571.0,83
2329.0,83
4574.0,82
1330.0,82
3201.0,82
3581.0,82
3628.0,82
1886.0,81
1723.0,81
216.0,81
5005.0,81
198.0,81
4072.0,81
1674.0,81
4786.0,81
926.0,81
2924.0,81
712.0,80
4351.0,80
3548.0,80
1071.0,80
2698.0,80
2912.0,80
2170.0,80
2371.0,80
4644.0,80
580.0,80
902.0,80
260.0,79
1374.0,79
1282.0,79
667.0,79
456.0,79
4457.0,79
1124.0,79
4899.0,79
1974.0,79
1627.0,79
810.0,79
2014.0,79
1358.0,79
4197.0,78
2412.0,78
4848.0,78
1844.0,78
1826.0,78
2473.0,78
335.0,78
627.0,77
2635.0,77
2859.0,77
1900.0,77
1190.0,77
1802.0,77
2471.0,77
493.0,77
158.0,77
703.0,77
3284.0,76
607.0,76
297.0,76
2328.0,76
3116.0,76
781.0,76
3820.0,76
3786.0,76
635.0,76
628.0,76
2004.0,76
140.0,76
717.0,76
1225.0,76
2788.0,76
4647.0,76
281.0,75
4384.0,75
3097.0,75
3179.0,75
4810.0,75
1656.0,75
326.0,75
3508.0,75
4383.0,75
4401.0,75
576.0,75
4772.0,74
180.0,74
2256.0,74
2617.0,74
3790.0,74
309.0,74
2953.0,74
2803.0,74
26.0,74
5027.0,74
785.0,73
17.0,73
4029.0,73
3968.0,73
1761.0,73
2210.0,73
4130.0,73
2409.0,73
2671.0,73
3494.0,72
3253.0,72
4366.0,72
2615.0,72
4604.0,72
4131.0,72
2618.0,72
4741.0,72
2420.0,72
1571.0,72
5050.0,72
2078.0,72
846.0,72
5066.0,72
402.0,72
633.0,72
3796.0,72
3873.0,71
4350.0,71
323.0,71
1619.0,71
932.0,71
1829.0,71
3000.0,71
4889.0,71
3556.0,71
752.0,71
4623.0,71
1036.0,71
960.0,71
3213.0,71
2501.0,71
3133.0,70
4881.0,70
5093.0,70
448.0,70
3654.0,70
3491.0,70
1562.0,70
947.0,70
4737.0,70
2124.0,70
4313.0,70
2123.0,70
4710.0,69
4846.0,69
3486.0,69
4348.0,69
3304.0,69
2326.0,69
409.0,69
4407.0,69
2851.0,69
2876.0,69
4424.0,69
2341.0,69
1878.0,69
532.0,69
1274.0,69
2434.0,69
4955.0,69
3354.0,69
3384.0,69
3831.0,68
78.0,68
814.0,68
1503.0,68
1978.0,68
3066.0,68
988.0,68
4388.0,68
376.0,68
4709.0,68
2869.0,68
1440.0,68
351.0,68
4890.0,68
4176.0,68
1152.0,68
1952.0,68
3985.0,68
692.0,68
3257.0,67
755.0,67
415.0,67
3047.0,67
3771.0,67
2590.0,67
1554.0,67
1597.0,67
4621.0,67
204.0,67
3427.0,67
4157.0,67
4587.0,67
1410.0,67
54.0,67
716.0,67
3931.0,67
1807.0,67
3300.0,67
4687.0,67
1501.0,66
3718.0,66
828.0,66
56.0,66
2537.0,66
1024.0,66
341.0,66
2630.0,66
2857.0,66
2580.0,66
1740.0,66
4893.0,66
1069.0,66
235.0,66
3353.0,66
1415.0,66
4143.0,66
4086.0,66
3599.0,66
3204.0,66
2970.0,66
2910.0,66
3415.0,65
1060.0,65
3884.0,65
4559.0,65
2158.0,65
3259.0,65
1727.0,65
623.0,65
907.0,65
4831.0,65
763.0,65
1906.0,65
2631.0,65
3029.0,65
3943.0,65
4532.0,65
2113.0,65
4067.0,65
1688.0,65
4691.0,64
621.0,64
3939.0,64
4686.0,64
4617.0,64
870.0,64
1449.0,64
86.0,64
2349.0,64
537.0,64
2433.0,64
678.0,64
4795.0,64
757.0,64
2309.0,64
4744.0,64
5080.0,64
138.0,64
1920.0,64
551.0,64
1095.0,63
5101.0,63
4718.0,63
1020.0,63
1847.0,63
4778.0,63
3573.0,63
4801.0,63
2299.0,63
1521.0,63
1219.0,63
4062.0,63
2058.0,63
1976.0,63
185.0,63
1356.0,63
4399.0,63
2778.0,63
594.0,63
1082.0,63
561.0,63
2870.0,63
3016.0,63
1336.0,63
2209.0,63
4809.0,63
4748.0,63
3575.0,62
1973.0,62
2573.0,62
805.0,62
5058.0,62
5181.0,62
1774.0,62
3268.0,62
4320.0,62
2265.0,62
332.0,62
4805.0,62
2364.0,62
477.0,62
4071.0,62
609.0,62
4542.0,62
4551.0,62
939.0,62
253.0,62
4999.0,61
3188.0,61
2027.0,61
3479.0,61
4775.0,61
4979.0,61
4033.0,61
2239.0,61
4204.0,61
3866.0,61
144.0,61
2372.0,61
3727.0,61
1103.0,61
2048.0,61
307.0,61
2415.0,61
1905.0,61
3734.0,61
1432.0,61
4677.0,60
3716.0,60
2284.0,60
584.0,60
71.0,60
3657.0,60
1450.0,60
868.0,60
4548.0,60
2521.0,60
3442.0,60
3560.0,60
5131.0,60
4657.0,60
2546.0,60
933.0,60
3408.0,60
2569.0,60
804.0,60
4904.0,60
2504.0,60
3031.0,60
937.0,60
2780.0,59
2830.0,59
2764.0,59
1045.0,59
389.0,59
2627.0,59
2561.0,59
1150.0,59
1899.0,59
2900.0,59
2144.0,59
1515.0,59
666.0,59
4924.0,59
1266.0,59
4261.0,59
2653.0,59
4405.0,59
709.0,59
2230.0,59
45.0,59
270.0,59
4771.0,59
4798.0,59
3656.0,59
4872.0,59
2233.0,59
3026.0,59
232.0,59
1074.0,59
2100.0,59
1313.0,59
3014.0,59
3256.0,59
3924.0,59
1565.0,59
2961.0,59
4648.0,58
2768.0,58
3693.0,58
3808.0,58
3971.0,58
3885.0,58
3025.0,58
4967.0,58
2642.0,58
3818.0,58
283.0,58
2381.0,58
4085.0,58
5018.0,58
4557.0,58
4042.0,58
269.0,58
2856.0,58
1836.0,58
4477.0,58
1953.0,58
1947.0,58
32.0,58
5159.0,58
4340.0,58
2492.0,58
3203.0,58
3368.0,58
945.0,58
1018.0,58
4602.0,58
1765.0,57
1179.0,57
79.0,57
5003.0,57
2903.0,57
3163.0,57
471.0,57
400.0,57
1142.0,57
838.0,57
2896.0,57
4281.0,57
3317.0,57
1917.0,57
4865.0,57
468.0,57
2557.0,57
3517.0,57
4931.0,57
4305.0,57
4479.0,57
4779.0,57
4198.0,57
511.0,57
2787.0,57
1945.0,57
1587.0,57
2293.0,57
3196.0,57
3435.0,57
2629.0,56
4341.0,56
4869.0,56
1285.0,56
117.0,56
677.0,56
809.0,56
3937.0,56
2132.0,56
818.0,56
4002.0,56
193.0,56
3242.0,56
4116.0,56
4478.0,56
5157.0,56
108.0,56
2482.0,56
4458.0,56
1849.0,56
1693.0,56
598.0,56
4140.0,56
256.0,56
720.0,56
4839.0,56
1546.0,56
2806.0,56
2107.0,55
2273.0,55
4474.0,55
4952.0,55
2166.0,55
4113.0,55
513.0,55
4730.0,55
3450.0,55
43.0,55
2267.0,55
2648.0,55
2822.0,55
3422.0,55
2532.0,55
4726.0,55
3965.0,55
4024.0,55
3162.0,55
4664.0,55
2003.0,55
3335.0,55
2447.0,55
3215.0,55
3212.0,55
5048.0,55
3481.0,55
4721.0,55
4302.0,55
875.0,55
2689.0,55
2211.0,54
4445.0,54
5075.0,54
787.0,54
4073.0,54
2884.0,54
987.0,54
1861.0,54
3821.0,54
3135.0,54
2466.0,54
2042.0,54
4959.0,54
1628.0,54
538.0,54
3751.0,54
3903.0,54
4794.0,54
2476.0,54
4787.0,54
5187.0,54
3887.0,54
2940.0,54
2313.0,54
166.0,54
2257.0,54
2754.0,54
2878.0,53
3393.0,53
2583.0,53
3633.0,53
3458.0,53
4502.0,53
1127.0,53
3719.0,53
3488.0,53
711.0,53
1512.0,53
2785.0,53
4897.0,53
1453.0,53
2975.0,53
1146.0,53
4155.0,53
4927.0,53
5071.0,53
556.0,53
134.0,53
304.0,53
2540.0,53
1595.0,53
1455.0,53
3169.0,53
2694.0,53
906.0,53
2448.0,53
3476.0,53
5164.0,53
2034.0,53
3437.0,53
3859.0,53
3262.0,52
1548.0,52
534.0,52
3270.0,52
4499.0,52
3754.0,52
1513.0,52
2137.0,52
2297.0,52
267.0,52
1281.0,52
2740.0,52
2260.0,52
5073.0,52
4950.0,52
2208.0,52
289.0,52
2681.0,52
1918.0,52
575.0,52
5148.0,52
1338.0,52
3153.0,52
4908.0,52
1314.0,52
4914.0,52
258.0,51
4672.0,51
2029.0,51
2845.0,51
2850.0,51
5068.0,51
971.0,51
3056.0,51
5125.0,51
3830.0,51
4620.0,51
2538.0,51
3742.0,51
562.0,51
50.0,51
3688.0,51
2883.0,51
200.0,51
2369.0,51
4704.0,51
3433.0,51
3233.0,51
161.0,51
1601.0,51
2036.0,51
4306.0,51
2646.0,51
2039.0,51
1780.0,51
1451.0,51
1012.0,51
3610.0,51
4493.0,51
854.0,50
1261.0,50
2465.0,50
1762.0,50
1599.0,50
2073.0,50
2973.0,50
224.0,50
689.0,50
2280.0,50
2510.0,50
1035.0,50
2984.0,50
2775.0,50
2011.0,50
1318.0,50
2405.0,50
3753.0,50
4791.0,50
2708.0,50
1854.0,50
1113.0,50
1215.0,50
3410.0,50
1529.0,50
619.0,50
3970.0,50
2407.0,49
4285.0,49
4743.0,49
1309.0,49
4521.0,49
1677.0,49
4318.0,49
585.0,49
3334.0,49
523.0,49
3857.0,49
2651.0,49
4235.0,49
113.0,49
3306.0,49
1922.0,49
1482.0,49
775.0,49
2613.0,49
5173.0,49
3451.0,49
227.0,49
1579.0,49
748.0,49
3100.0,49
4849.0,49
197.0,49
4409.0,49
2162.0,49
3096.0,49
2885.0,49
19.0,49
4404.0,49
3834.0,48
3671.0,48
153.0,48
2782.0,48
1910.0,48
4452.0,48
911.0,48
2905.0,48
4858.0,48
3999.0,48
354.0,48
3998.0,48
4005.0,48
4600.0,48
1412.0,48
439.0,48
2062.0,48
546.0,48
209.0,48
312.0,48
1134.0,48
5183.0,48
3812.0,48
3252.0,48
2854.0,48
2404.0,48
995.0,48
2191.0,48
2340.0,48
1934.0,48
3894.0,48
4345.0,48
1550.0,48
1705.0,48
1939.0,48
4995.0,48
654.0,48
4371.0,48
495.0,48
3140.0,48
2652.0,48
284.0,48
3784.0,48
1097.0,48
830.0,48
2623.0,48
572.0,47
3644.0,47
1276.0,47
3900.0,47
4054.0,47
1477.0,47
976.0,47
369.0,47
5002.0,47
1670.0,47
983.0,47
2470.0,47
5127.0,47
4727.0,47
4255.0,47
2487.0,47
1936.0,47
3419.0,47
4217.0,47
4820.0,47
1213.0,47
2499.0,47
3208.0,47
2192.0,47
4520.0,47
1226.0,47
4989.0,47
2386.0,47
2603.0,47
566.0,47
364.0,47
2395.0,47
2040.0,47
2860.0,47
4187.0,47
1685.0,47
2259.0,47
2228.0,47
1716.0,47
4316.0,46
4465.0,46
4227.0,46
827.0,46
1049.0,46
4594.0,46
2867.0,46
1770.0,46
5184.0,46
2661.0,46
115.0,46
1354.0,46
2414.0,46
1758.0,46
174.0,46
1262.0,46
414.0,46
3549.0,46
3836.0,46
3087.0,46
5107.0,46
2999.0,46
601.0,46
4096.0,46
568.0,46
4363.0,46
4211.0,46
4734.0,46
1577.0,46
499.0,46
4622.0,46
2568.0,46
4051.0,46
3948.0,46
4953.0,46
2942.0,46
294.0,45
4524.0,45
59.0,45
4507.0,45
3789.0,45
4112.0,45
3902.0,45
4188.0,45
2982.0,45
1214.0,45
4210.0,45
3649.0,45
560.0,45
4001.0,45
1630.0,45
1398.0,45
2991.0,45
2054.0,45
4354.0,45
4097.0,45
3352.0,45
163.0,45
4887.0,45
4327.0,45
1342.0,45
4905.0,45
691.0,45
2254.0,45
186.0,45
5059.0,45
2201.0,45
2416.0,45
5100.0,45
4932.0,45
2526.0,45
2584.0,45
3136.0,45
4922.0,45
2841.0,45
3099.0,45
1707.0,45
1048.0,45
3358.0,45
4692.0,45
4867.0,45
1509.0,44
1977.0,44
739.0,44
4715.0,44
2203.0,44
1471.0,44
4554.0,44
2408.0,44
416.0,44
5116.0,44
1107.0,44
886.0,44
4015.0,44
3564.0,44
3586.0,44
1648.0,44
3788.0,44
4364.0,44
2229.0,44
3065.0,44
118.0,44
2844.0,44
4229.0,44
4078.0,44
1308.0,44
1872.0,44
792.0,44
583.0,44
2344.0,44
3529.0,44
4549.0,44
3307.0,44
2360.0,44
3336.0,44
1839.0,44
2250.0,44
920.0,44
614.0,44
4225.0,43
2446.0,43
1658.0,43
4615.0,43
1397.0,43
2234.0,43
3765.0,43
1500.0,43
2180.0,43
3876.0,43
4654.0,43
3022.0,43
1632.0,43
1083.0,43
1424.0,43
2118.0,43
3620.0,43
881.0,43
3316.0,43
959.0,43
4428.0,43
3674.0,43
1347.0,43
1475.0,43
1830.0,43
3239.0,43
967.0,43
5110.0,43
4475.0,43
2398.0,43
1668.0,43
2815.0,43
5084.0,43
3326.0,43
4339.0,43
4766.0,43
1575.0,43
12.0,43
4894.0,43
4575.0,43
1728.0,43
1478.0,43
2509.0,43
2601.0,43
333.0,43
2807.0,43
1462.0,42
4855.0,42
4512.0,42
1527.0,42
645.0,42
4707.0,42
1448.0,42
4150.0,42
4812.0,42
3854.0,42
3748.0,42
1086.0,42
4695.0,42
2721.0,42
4274.0,42
528.0,42
1684.0,42
545.0,42
3892.0,42
4941.0,42
4303.0,42
540.0,42
5074.0,42
2188.0,42
1345.0,42
4949.0,42
1269.0,42
244.0,42
4603.0,42
2760.0,42
1795.0,42
3897.0,42
1293.0,42
4028.0,42
3737.0,42
2152.0,42
1401.0,42
2385.0,42
1874.0,42
4373.0,42
799.0,42
3221.0,42
1838.0,42
4472.0,42
4509.0,41
3390.0,41
5126.0,41
997.0,41
2579.0,41
2776.0,41
3670.0,41
5120.0,41
5171.0,41
31.0,41
4309.0,41
2685.0,41
2567.0,41
1914.0,41
4172.0,41
2378.0,41
2197.0,41
1123.0,41
1675.0,41
3040.0,41
3514.0,41
347.0,41
4398.0,41
5019.0,41
2017.0,41
4939.0,41
114.0,41
900.0,41
1195.0,41
3527.0,41
1767.0,41
419.0,41
2670.0,41
453.0,41
3051.0,41
3550.0,41
1814.0,41
2066.0,41
1532.0,41
1522.0,41
457.0,41
3200.0,41
1912.0,41
1701.0,41
4614.0,41
228.0,41
2654.0,41
2888.0,41
3021.0,41
2766.0,41
1114.0,41
4262.0,40
662.0,40
2762.0,40
3351.0,40
4290.0,40
4760.0,40
2126.0,40
4781.0,40
3829.0,40
120.0,40
4746.0,40
459.0,40
5128.0,40
762.0,40
4956.0,40
4177.0,40
4976.0,40
589.0,40
2983.0,40
4186.0,40
4307.0,40
4585.0,40
4289.0,40
4803.0,40
4367.0,40
168.0,40
4806.0,40
3492.0,40
2937.0,40
4960.0,40
4459.0,40
3398.0,40
1022.0,40
3582.0,40
2632.0,40
2692.0,40
4965.0,40
3923.0,40
4601.0,40
4109.0,40
3595.0,40
2347.0,40
1805.0,40
4528.0,40
358.0,40
3848.0,40
2019.0,40
2376.0,40
3683.0,40
463.0,40
4681.0,39
3780.0,39
4991.0,39
1185.0,39
4153.0,39
640.0,39
4034.0,39
4800.0,39
1286.0,39
573.0,39
2479.0,39
4832.0,39
4789.0,39
2638.0,39
1006.0,39
3145.0,39
4221.0,39
596.0,39
2733.0,39
4292.0,39
473.0,39
4206.0,39
2361.0,39
2790.0,39
617.0,39
731.0,39
5033.0,39
2488.0,39
157.0,39
2311.0,39
726.0,39
2345.0,39
1788.0,39
4119.0,39
4466.0,39
1985.0,39
742.0,39
4460.0,39
3420.0,39
1165.0,39
3506.0,39
271.0,38
1108.0,38
1653.0,38
2663.0,38
3578.0,38
2475.0,38
1062.0,38
1159.0,38
2079.0,38
290.0,38
3246.0,38
2752.0,38
3721.0,38
3110.0,38
734.0,38
3606.0,38
1224.0,38
2926.0,38
4573.0,38
2127.0,38
780.0,38
3049.0,38
4065.0,38
4708.0,38
2368.0,38
5017.0,38
4745.0,38
4462.0,38
403.0,38
1406.0,38
1130.0,38
2731.0,38
4901.0,38
5117.0,38
4344.0,38
2317.0,38
4571.0,38
4698.0,38
4994.0,38
4884.0,38
3172.0,38
1962.0,38
2421.0,38
3793.0,38
3532.0,38
3303.0,38
240.0,38
3168.0,38
4595.0,38
1098.0,38
2611.0,38
1384.0,38
4403.0,38
3227.0,38
3174.0,38
4816.0,38
591.0,38
4470.0,38
3947.0,38
4675.0,38
122.0,37
3823.0,37
4871.0,37
944.0,37
4146.0,37
2927.0,37
2178.0,37
3240.0,37
910.0,37
1764.0,37
1439.0,37
4121.0,37
4200.0,37
2451.0,37
4797.0,37
3699.0,37
3370.0,37
1703.0,37
1496.0,37
488.0,37
2050.0,37
587.0,37
4669.0,37
3276.0,37
2531.0,37
2141.0,37
3301.0,37
4572.0,37
3399.0,37
2525.0,37
3781.0,37
529.0,37
4061.0,37
747.0,37
3504.0,37
2920.0,37
2513.0,37
3131.0,37
154.0,37
2253.0,37
2196.0,37
102.0,37
4609.0,37
1893.0,37
1787.0,37
4325.0,37
531.0,37
2362.0,37
1156.0,37
2438.0,37
510.0,37
1691.0,37
4395.0,37
298.0,37
4189.0,37
2955.0,36
3726.0,36
3090.0,36
4233.0,36
1941.0,36
1461.0,36
3530.0,36
4007.0,36
2155.0,36
3004.0,36
2503.0,36
3507.0,36
2461.0,36
5138.0,36
3717.0,36
3839.0,36
4527.0,36
4938.0,36
2104.0,36
3953.0,36
1790.0,36
929.0,36
5082.0,36
684.0,36
751.0,36
2216.0,36
3112.0,36
1534.0,36
4928.0,36
4123.0,36
2723.0,36
211.0,36
377.0,36
1186.0,36
641.0,36
2892.0,36
3003.0,36
4489.0,36
913.0,36
4184.0,36
4555.0,36
616.0,36
3929.0,36
1664.0,36
1811.0,36
2668.0,36
3609.0,36
3377.0,36
2047.0,36
4093.0,36
4453.0,36
4216.0,36
1200.0,35
3164.0,35
2064.0,35
1337.0,35
1295.0,35
790.0,35
3898.0,35
4077.0,35
914.0,35
1111.0,35
2045.0,35
4589.0,35
352.0,35
2174.0,35
1320.0,35
3007.0,35
5085.0,35
2270.0,35
694.0,35
2111.0,35
3758.0,35
3597.0,35
1322.0,35
2949.0,35
1443.0,35
2246.0,35
2382.0,35
4480.0,35
2894.0,35
1110.0,35
2633.0,35
941.0,35
2319.0,35
3615.0,35
885.0,35
4442.0,35
2028.0,35
1722.0,35
3645.0,35
5188.0,35
4997.0,35
4178.0,35
1360.0,35
265.0,35
5135.0,35
2763.0,35
3045.0,35
2422.0,35
2779.0,35
927.0,35
2908.0,35
1678.0,35
767.0,35
482.0,35
362.0,35
3269.0,35
3347.0,35
4359.0,35
5186.0,35
4286.0,35
3975.0,34
1907.0,34
1004.0,34
2748.0,34
465.0,34
1608.0,34
1343.0,34
2676.0,34
3760.0,34
1469.0,34
3673.0,34
1176.0,34
1055.0,34
3580.0,34
3321.0,34
370.0,34
3860.0,34
5000.0,34
2498.0,34
1233.0,34
1244.0,34
3563.0,34
2441.0,34
3338.0,34
3230.0,34
998.0,34
3141.0,34
3159.0,34
5009.0,34
2459.0,34
1747.0,34
3417.0,34
3648.0,34
5191.0,34
3180.0,34
3255.0,34
1748.0,34
220.0,34
4205.0,34
2390.0,34
825.0,34
2811.0,34
4753.0,34
4391.0,34
3723.0,34
4522.0,34
4958.0,33
2964.0,33
504.0,33
1220.0,33
4422.0,33
22.0,33
3089.0,33
3874.0,33
1589.0,33
2732.0,33
4079.0,33
2662.0,33
1026.0,33
2898.0,33
3123.0,33
2406.0,33
3079.0,33
3983.0,33
2730.0,33
3904.0,33
3330.0,33
3119.0,33
3238.0,33
3449.0,33
2413.0,33
1711.0,33
4486.0,33
2738.0,33
2693.0,33
659.0,33
430.0,33
1084.0,33
2037.0,33
4802.0,33
2849.0,33
4461.0,33
1916.0,33
1100.0,33
5154.0,33
5105.0,33
2665.0,33
4380.0,33
4688.0,33
770.0,33
823.0,33
1676.0,33
1823.0,33
182.0,33
931.0,33
1667.0,33
4376.0,33
512.0,33
3935.0,33
2139.0,33
815.0,33
4218.0,33
3037.0,33
4369.0,33
894.0,33
2556.0,33
3363.0,33
3392.0,33
4174.0,32
1563.0,32
1203.0,32
1926.0,32
5152.0,32
4750.0,32
4866.0,32
1851.0,32
51.0,32
2063.0,32
2481.0,32
38.0,32
4450.0,32
4514.0,32
4685.0,32
3342.0,32
1710.0,32
4835.0,32
2176.0,32
272.0,32
165.0,32
2945.0,32
2099.0,32
77.0,32
962.0,32
3138.0,32
4473.0,32
5031.0,32
4294.0,32
1702.0,32
3838.0,32
2140.0,32
2287.0,32
4588.0,32
1153.0,32
3698.0,32
2554.0,32
1559.0,32
104.0,32
98.0,32
2248.0,32
3706.0,32
4246.0,32
1578.0,32
784.0,32
4491.0,32
890.0,32
1126.0,32
905.0,32
2974.0,32
1982.0,32
2570.0,32
4180.0,31
4619.0,31
4853.0,31
676.0,31
2056.0,31
1050.0,31
237.0,31
2804.0,31
1059.0,31
490.0,31
2314.0,31
639.0,31
1434.0,31
4012.0,31
1079.0,31
2871.0,31
1733.0,31
3357.0,31
4161.0,31
777.0,31
4702.0,31
4360.0,31
2829.0,31
2346.0,31
765.0,31
1405.0,31
4862.0,31
3743.0,31
3445.0,31
192.0,31
1778.0,31
778.0,31
399.0,31
2865.0,31
5072.0,31
301.0,31
675.0,31
2276.0,31
1880.0,31
4978.0,31
5106.0,31
1524.0,31
879.0,31
3991.0,31
1268.0,31
571.0,31
3041.0,31
4278.0,31
1783.0,31
2701.0,31
1427.0,31
405.0,31
5078.0,31
3602.0,31
2387.0,31
1919.0,31
4379.0,31
2218.0,31
498.0,31
630.0,31
4323.0,31
660.0,30
2290.0,30
3083.0,30
4038.0,30
2555.0,30
2169.0,30
3379.0,30
3035.0,30
5160.0,30
4845.0,30
2075.0,30
2240.0,30
2247.0,30
5162.0,30
1458.0,30
4397.0,30
3592.0,30
4069.0,30
1364.0,30
1654.0,30
1305.0,30
4658.0,30
5136.0,30
1393.0,30
2719.0,30
2637.0,30
1075.0,30
1556.0,30
406.0,30
1444.0,30
1923.0,30
5194.0,30
394.0,30
764.0,30
135.0,30
2093.0,30
1968.0,30
4110.0,30
1891.0,30
4629.0,30
2167.0,30
2134.0,30
4818.0,30
3927.0,30
5.0,30
3565.0,30
638.0,30
3331.0,30
721.0,30
4264.0,30
858.0,30
1436.0,30
263.0,30
1768.0,30
603.0,30
1663.0,30
2562.0,29
2744.0,29
2388.0,29
3905.0,29
242.0,29
2552.0,29
210.0,29
3542.0,29
1303.0,29
3034.0,29
340.0,29
841.0,29
4930.0,29
2112.0,29
4117.0,29
3455.0,29
187.0,29
1021.0,29
2367.0,29
3663.0,29
1776.0,29
680.0,29
3085.0,29
4632.0,29
1147.0,29
1732.0,29
3736.0,29
2522.0,29
4020.0,29
4092.0,29
1232.0,29
3295.0,29
5013.0,29
4665.0,29
1724.0,29
2997.0,29
3853.0,29
2102.0,29
4019.0,29
4824.0,29
912.0,29
745.0,29
3816.0,29
3768.0,29
600.0,29
690.0,29
3558.0,29
1259.0,29
39.0,29
2729.0,29
3430.0,29
2149.0,29
3319.0,29
2456.0,29
1789.0,29
1407.0,29
2142.0,29
3540.0,29
4556.0,29
550.0,29
53.0,29
1490.0,29
3244.0,29
4663.0,29
2207.0,29
5004.0,29
1378.0,29
4641.0,29
3463.0,29
4171.0,28
4754.0,28
1773.0,28
3797.0,28
4148.0,28
796.0,28
3861.0,28
1234.0,28
438.0,28
3936.0,28
5145.0,28
2534.0,28
1689.0,28
3008.0,28
422.0,28
280.0,28
2575.0,28
646.0,28
1428.0,28
183.0,28
3664.0,28
5042.0,28
5047.0,28
2797.0,28
1000.0,28
2497.0,28
1144.0,28
2262.0,28
714.0,28
2831.0,28
2808.0,28
1604.0,28
3729.0,28
1617.0,28
2783.0,28
196.0,28
1.0,28
2308.0,28
3845.0,28
241.0,28
2773.0,28
559.0,28
3702.0,28
4513.0,28
1612.0,28
2587.0,28
4814.0,28
1644.0,28
5158.0,28
1647.0,28
4933.0,28
2067.0,28
3092.0,28
3258.0,28
3436.0,28
3478.0,28
2006.0,28
1155.0,28
1744.0,28
867.0,28
1971.0,28
877.0,28
1068.0,28
1637.0,27
4972.0,27
586.0,27
4137.0,27
4280.0,27
1881.0,27
813.0,27
1714.0,27
530.0,27
4850.0,27
5108.0,27
3536.0,27
903.0,27
4969.0,27
1149.0,27
4284.0,27
2219.0,27
4954.0,27
4636.0,27
816.0,27
3641.0,27
287.0,27
4911.0,27
3827.0,27
1194.0,27
1739.0,27
919.0,27
3424.0,27
2836.0,27
1042.0,27
3187.0,27
4693.0,27
3318.0,27
1389.0,27
4883.0,27
234.0,27
3403.0,27
1582.0,27
316.0,27
3802.0,27
574.0,27
3365.0,27
3129.0,27
3402.0,27
1990.0,27
2485.0,27
4170.0,27
393.0,27
2700.0,27
889.0,27
5062.0,27
2636.0,27
3840.0,27
1481.0,27
3804.0,27
2812.0,27
1446.0,27
3617.0,27
3137.0,27
4885.0,27
360.0,27
4025.0,27
4842.0,27
544.0,27
1756.0,27
3407.0,27
5087.0,27
3531.0,27
3846.0,27
1013.0,27
760.0,27
3775.0,27
4248.0,27
2315.0,27
3722.0,27
2666.0,27
3524.0,27
3835.0,26
2342.0,26
2261.0,26
3964.0,26
2154.0,26
155.0,26
1504.0,26
1642.0,26
2535.0,26
492.0,26
230.0,26
2306.0,26
3879.0,26
3750.0,26
706.0,26
732.0,26
4053.0,26
500.0,26
4326.0,26
3446.0,26
67.0,26
1053.0,26
4321.0,26
1581.0,26
4267.0,26
1925.0,26
1404.0,26
1729.0,26
1121.0,26
4387.0,26
2001.0,26
1357.0,26
3154.0,26
1301.0,26
5179.0,26
1143.0,26
3247.0,26
774.0,26
1543.0,26
4118.0,26
4023.0,26
4553.0,26
2353.0,26
2833.0,26
385.0,26
2348.0,26
1864.0,26
1058.0,26
1312.0,26
1965.0,26
521.0,26
2022.0,26
1016.0,26
480.0,26
2767.0,26
3489.0,26
3493.0,26
1799.0,26
4742.0,26
3198.0,26
1359.0,26
2392.0,26
1966.0,26
3146.0,26
3724.0,26
3039.0,26
2913.0,26
3412.0,25
3181.0,25
704.0,25
1609.0,25
2948.0,25
1743.0,25
1468.0,25
4747.0,25
99.0,25
3461.0,25
4022.0,25
3207.0,25
3440.0,25
4237.0,25
2264.0,25
4324.0,25
3267.0,25
4731.0,25
2015.0,25
2853.0,25
3206.0,25
1942.0,25
4494.0,25
1076.0,25
2529.0,25
276.0,25
3662.0,25
2517.0,25
1541.0,25
2712.0,25
4592.0,25
753.0,25
1949.0,25
2992.0,25
4591.0,25
2625.0,25
1981.0,25
1464.0,25
882.0,25
2168.0,25
670.0,25
3795.0,25
649.0,25
3746.0,25
5051.0,25
95.0,25
2564.0,25
5151.0,25
536.0,25
3757.0,25
1888.0,25
4963.0,25
421.0,25
1560.0,25
2757.0,25
857.0,25
1760.0,25
109.0,24
3023.0,24
2358.0,24
2435.0,24
1596.0,24
1019.0,24
1573.0,24
4578.0,24
1969.0,24
2077.0,24
4582.0,24
1235.0,24
384.0,24
4037.0,24
1769.0,24
4992.0,24
4469.0,24
4828.0,24
3070.0,24
524.0,24
3832.0,24
1602.0,24
569.0,24
986.0,24
3294.0,24
3596.0,24
547.0,24
4234.0,24
1820.0,24
460.0,24
1963.0,24
2794.0,24
3539.0,24
1329.0,24
472.0,24
2966.0,24
1638.0,24
5119.0,24
3686.0,24
3896.0,24
4497.0,24
366.0,24
507.0,24
93.0,24
2915.0,24
4729.0,24
4830.0,24
3810.0,24
1403.0,24
1332.0,24
5177.0,24
3749.0,24
1983.0,24
13.0,24
2866.0,23
4936.0,23
103.0,23
1576.0,23
4649.0,23
3577.0,23
1651.0,23
87.0,23
3361.0,23
2156.0,23
4882.0,23
3801.0,23
2440.0,23
3443.0,23
2026.0,23
1368.0,23
3160.0,23
3389.0,23
2929.0,23
4223.0,23
2582.0,23
4501.0,23
3279.0,23
723.0,23
3350.0,23
4041.0,23
4089.0,23
4095.0,23
3961.0,23
4503.0,23
1526.0,23
3942.0,23
4935.0,23
4643.0,23
3891.0,23
2084.0,23
3432.0,23
100.0,23
3735.0,23
349.0,23
3453.0,23
2514.0,23
1931.0,23
2337.0,23
461.0,23
3305.0,23
5010.0,23
353.0,23
2994.0,23
1725.0,23
505.0,23
3471.0,23
1600.0,23
2687.0,23
1196.0,23
2131.0,22
3050.0,22
3308.0,22
2032.0,22
2008.0,22
3561.0,22
1542.0,22
1753.0,22
2716.0,22
3460.0,22
451.0,22
4917.0,22
3973.0,22
3655.0,22
4774.0,22
979.0,22
4668.0,22
4406.0,22
509.0,22
4378.0,22
3082.0,22
159.0,22
1400.0,22
1260.0,22
1392.0,22
1485.0,22
1040.0,22
201.0,22
3380.0,22
478.0,22
3955.0,22
2872.0,22
604.0,22
3088.0,22
2781.0,22
1376.0,22
372.0,22
1868.0,22
4282.0,22
3738.0,22
4680.0,22
2452.0,22
1775.0,22
178.0,22
693.0,22
1425.0,22
4358.0,22
3867.0,22
4368.0,22
1133.0,22
3516.0,22
4256.0,22
5001.0,22
1665.0,22
225.0,22
2516.0,22
2932.0,22
4240.0,22
4471.0,22
4633.0,22
4807.0,22
782.0,22
431.0,22
2318.0,22
892.0,22
1610.0,21
2728.0,21
2628.0,21
1210.0,21
5109.0,21
2791.0,21
974.0,21
1994.0,21
3762.0,21
5098.0,21
3371.0,21
4610.0,21
3518.0,21
2606.0,21
2943.0,21
964.0,21
331.0,21
1351.0,21
4642.0,21
4630.0,21
984.0,21
2460.0,21
1435.0,21
330.0,21
2010.0,21
2709.0,21
3480.0,21
3127.0,21
615.0,21
4815.0,21
1445.0,21
1659.0,21
2277.0,21
3191.0,21
4598.0,21
710.0,21
286.0,21
1198.0,21
3976.0,21
2116.0,21
4749.0,21
4618.0,21
981.0,21
819.0,21
49.0,21
4951.0,21
648.0,21
3708.0,21
4863.0,21
872.0,21
4717.0,21
5178.0,21
4331.0,21
3910.0,21
2640.0,21
3513.0,21
2931.0,21
425.0,20
1288.0,20
1804.0,20
2877.0,20
112.0,20
1980.0,20
966.0,20
2683.0,20
1876.0,20
2688.0,20
3205.0,20
73.0,20
4973.0,20
434.0,20
4433.0,20
2722.0,20
264.0,20
2750.0,20
3483.0,20
2880.0,20
4662.0,20
2147.0,20
4834.0,20
367.0,20
652.0,20
1777.0,20
3678.0,20
2081.0,20
4701.0,20
3071.0,20
3720.0,20
1140.0,20
3086.0,20
3094.0,20
2864.0,20
3360.0,20
1302.0,20
4646.0,20
2660.0,20
2121.0,20
1629.0,20
2916.0,20
908.0,20
5081.0,20
3756.0,20
3042.0,20
345.0,20
1094.0,20
3877.0,20
3740.0,20
3912.0,20
4036.0,20
4945.0,20
1970.0,20
449.0,20
2622.0,20
746.0,20
4606.0,20
1222.0,20
2274.0,20
3618.0,20
2500.0,20
688.0,20
3091.0,19
1044.0,19
1887.0,19
146.0,19
2550.0,19
3679.0,19
508.0,19
1813.0,19
1089.0,19
4449.0,19
4374.0,19
4111.0,19
653.0,19
943.0,19
4561.0,19
5086.0,19
3512.0,19
2998.0,19
3064.0,19
1365.0,19
4194.0,19
4611.0,19
2428.0,19
1794.0,19
3930.0,19
1533.0,19
611.0,19
2985.0,19
2706.0,19
2626.0,19
1897.0,19
2225.0,19
181.0,19
2968.0,19
2858.0,19
2879.0,19
4254.0,19
243.0,19
2222.0,19
2726.0,19
1304.0,19
5079.0,19
437.0,19
2424.0,19
4770.0,19
3333.0,19
4792.0,19
1682.0,19
1889.0,19
5149.0,19
4381.0,19
2713.0,19
3643.0,19
701.0,19
3197.0,19
4010.0,19
930.0,19
3346.0,19
4165.0,19
1816.0,19
2205.0,19
565.0,19
2080.0,19
969.0,19
3245.0,19
3175.0,19
4135.0,19
1873.0,18
3052.0,18
5124.0,18
268.0,18
1622.0,18
1842.0,18
5045.0,18
4755.0,18
955.0,18
3500.0,18
4004.0,18
2215.0,18
3956.0,18
3102.0,18
436.0,18
4996.0,18
3017.0,18
1239.0,18
5036.0,18
3847.0,18
5114.0,18
4017.0,18
518.0,18
4925.0,18
1991.0,18
1819.0,18
3028.0,18
3759.0,18
1645.0,18
3682.0,18
2928.0,18
101.0,18
2957.0,18
713.0,18
365.0,18
786.0,18
4031.0,18
3890.0,18
1687.0,18
3340.0,18
4763.0,18
2171.0,18
2334.0,18
2914.0,18
2747.0,18
1951.0,18
3622.0,18
3217.0,18
1890.0,18
2020.0,18
835.0,18
1331.0,18
2553.0,18
4207.0,18
1869.0,18
4098.0,18
89.0,18
4877.0,18
4418.0,18
4163.0,18
3176.0,18
3095.0,18
2524.0,18
4531.0,18
141.0,18
1166.0,18
2238.0,18
1163.0,18
4104.0,18
4273.0,18
2702.0,18
2520.0,18
1267.0,18
2751.0,18
3907.0,17
2120.0,17
343.0,17
3214.0,17
3405.0,17
1175.0,17
2442.0,17
4043.0,17
195.0,17
4659.0,17
3908.0,17
300.0,17
3523.0,17
1750.0,17
4769.0,17
4386.0,17
3667.0,17
3093.0,17
4014.0,17
5083.0,17
1173.0,17
1631.0,17
1339.0,17
4048.0,17
526.0,17
1077.0,17
2684.0,17
4201.0,17
128.0,17
3916.0,17
4059.0,17
3165.0,17
2467.0,17
4974.0,17
2604.0,17
5099.0,17
2474.0,17
1010.0,17
311.0,17
865.0,17
1023.0,17
4195.0,17
3901.0,17
3631.0,17
699.0,17
2354.0,17
1257.0,17
4847.0,17
2786.0,17
698.0,17
3528.0,17
4203.0,17
3367.0,17
380.0,17
3967.0,17
1027.0,17
1635.0,17
1120.0,17
1754.0,17
7.0,17
836.0,17
3260.0,17
3241.0,17
3142.0,17
4631.0,17
2119.0,17
2429.0,17
4713.0,17
4168.0,17
1430.0,17
2971.0,16
4394.0,16
3341.0,16
1752.0,16
3462.0,16
91.0,16
2918.0,16
3467.0,16
4690.0,16
2539.0,16
3428.0,16
4684.0,16
2990.0,16
2430.0,16
285.0,16
977.0,16
2179.0,16
1669.0,16
1057.0,16
248.0,16
686.0,16
2801.0,16
1519.0,16
156.0,16
4027.0,16
935.0,16
3672.0,16
4907.0,16
1344.0,16
3223.0,16
4152.0,16
4208.0,16
1867.0,16
2187.0,16
3963.0,16
3940.0,16
3700.0,16
1855.0,16
486.0,16
5049.0,16
1903.0,16
4699.0,16
2271.0,16
3152.0,16
5196.0,16
4504.0,16
2963.0,16
4132.0,16
4738.0,16
2930.0,16
2777.0,16
3220.0,16
132.0,16
4253.0,16
3155.0,16
2814.0,16
4944.0,16
3148.0,16
3755.0,16
5112.0,16
3642.0,16
4679.0,16
1681.0,16
447.0,16
4808.0,16
4926.0,16
4295.0,16
3798.0,16
1885.0,16
2455.0,16
4714.0,16
788.0,16
4228.0,16
61.0,16
522.0,16
4567.0,16
4070.0,16
169.0,16
3394.0,16
3986.0,16
4720.0,15
4683.0,15
3697.0,15
2463.0,15
4851.0,15
494.0,15
275.0,15
5025.0,15
2784.0,15
3510.0,15
3027.0,15
2891.0,15
1386.0,15
4120.0,15
2699.0,15
4580.0,15
2298.0,15
2095.0,15
3332.0,15
2507.0,15
160.0,15
4125.0,15
3978.0,15
3623.0,15
4330.0,15
3006.0,15
727.0,15
3888.0,15
3725.0,15
3156.0,15
2887.0,15
1265.0,15
1858.0,15
4682.0,15
3290.0,15
2724.0,15
4259.0,15
44.0,15
1054.0,15
3714.0,15
3.0,15
5067.0,15
222.0,15
58.0,15
824.0,15
3105.0,15
702.0,15
1136.0,15
1616.0,15
2153.0,15
2581.0,15
2190.0,15
1572.0,15
5156.0,15
2593.0,15
3984.0,15
1145.0,15
871.0,15
539.0,15
2691.0,15
515.0,15
4696.0,15
497.0,15
3769.0,15
249.0,15
2403.0,15
4655.0,15
4697.0,15
741.0,15
957.0,15
1408.0,15
2320.0,15
3128.0,15
3132.0,15
859.0,15
2305.0,15
1818.0,15
1033.0,15
2335.0,14
1798.0,14
4434.0,14
2934.0,14
3637.0,14
3077.0,14
942.0,14
3926.0,14
588.0,14
3815.0,14
1636.0,14
219.0,14
2198.0,14
3327.0,14
4094.0,14
4560.0,14
4703.0,14
4482.0,14
3254.0,14
3546.0,14
4169.0,14
1584.0,14
1544.0,14
176.0,14
189.0,14
469.0,14
1102.0,14
16.0,14
5054.0,14
4214.0,14
3519.0,14
4563.0,14
1387.0,14
4127.0,14
2911.0,14
1328.0,14
334.0,14
1834.0,14
303.0,14
793.0,14
3576.0,14
4138.0,14
2607.0,14
3018.0,14
337.0,14
978.0,14
2714.0,14
1757.0,14
1865.0,14
3921.0,14
3585.0,14
5063.0,14
4158.0,14
1252.0,14
1280.0,14
136.0,14
3278.0,14
3272.0,14
719.0,14
3677.0,14
3728.0,14
476.0,14
1639.0,14
383.0,14
4878.0,14
4299.0,14
1362.0,14
3429.0,14
3211.0,14
1480.0,14
5041.0,14
4784.0,14
3944.0,14
4074.0,14
3906.0,14
4372.0,14
418.0,14
15.0,14
2226.0,14
3543.0,14
620.0,14
2774.0,14
4650.0,14
618.0,14
3993.0,14
4645.0,14
1909.0,14
3800.0,14
310.0,14
3980.0,14
2018.0,14
1032.0,14
3054.0,14
2410.0,14
4581.0,14
2449.0,14
2490.0,14
435.0,14
1263.0,14
2977.0,14
4793.0,14
2146.0,14
1158.0,13
2090.0,13
3452.0,13
2160.0,13
4700.0,13
3572.0,13
2508.0,13
420.0,13
1065.0,13
856.0,13
4390.0,13
3250.0,13
4160.0,13
3591.0,13
1039.0,13
2221.0,13
4192.0,13
66.0,13
4075.0,13
18.0,13
736.0,13
1603.0,13
5147.0,13
2151.0,13
5006.0,13
1474.0,13
1592.0,13
3195.0,13
3584.0,13
4841.0,13
3946.0,13
4322.0,13
3833.0,13
3030.0,13
4937.0,13
3856.0,13
3782.0,13
4241.0,13
1161.0,13
4998.0,13
4103.0,13
4220.0,13
2619.0,13
374.0,13
5044.0,13
2423.0,13
4068.0,13
5015.0,13
1649.0,13
4533.0,13
3043.0,13
167.0,13
3423.0,13
3981.0,13
1694.0,13
4212.0,13
2609.0,13
2251.0,13
4980.0,13
1104.0,13
789.0,13
2092.0,13
3886.0,13
4139.0,13
4446.0,13
2051.0,13
2159.0,13
1132.0,13
1718.0,13
4088.0,13
3919.0,13
1014.0,13
1334.0,13
2122.0,13
1441.0,13
4918.0,13
2711.0,13
2496.0,13
4568.0,13
4346.0,13
171.0,13
4874.0,13
4361.0,13
3691.0,13
2397.0,13
4957.0,13
2958.0,13
5150.0,13
30.0,13
861.0,13
2771.0,13
637.0,13
3574.0,13
3579.0,13
1246.0,13
3862.0,13
395.0,13
2614.0,13
5137.0,13
4607.0,13
869.0,13
4090.0,13
4516.0,13
1381.0,13
4732.0,13
4431.0,13
1801.0,13
3441.0,13
663.0,13
3232.0,13
4060.0,13
2289.0,12
901.0,12
940.0,12
1426.0,12
3081.0,12
407.0,12
1935.0,12
3503.0,12
3349.0,12
5021.0,12
2055.0,12
1459.0,12
525.0,12
401.0,12
4269.0,12
1853.0,12
2904.0,12
2832.0,12
1211.0,12
1038.0,12
90.0,12
1704.0,12
5132.0,12
2400.0,12
956.0,12
1109.0,12
3456.0,12
2650.0,12
3484.0,12
1498.0,12
950.0,12
426.0,12
817.0,12
3046.0,12
3509.0,12
454.0,12
893.0,12
4084.0,12
1177.0,12
4864.0,12
3243.0,12
1319.0,12
2875.0,12
5028.0,12
3652.0,12
1135.0,12
4312.0,12
4670.0,12
4723.0,12
2624.0,12
47.0,12
1467.0,12
5076.0,12
4880.0,12
850.0,12
1395.0,12
441.0,12
1822.0,12
3366.0,12
479.0,12
4488.0,12
1492.0,12
3844.0,12
3778.0,12
696.0,12
795.0,12
3647.0,12
3590.0,12
1508.0,12
2824.0,12
2548.0,12
4347.0,12
2227.0,12
3945.0,12
4032.0,12
4498.0,12
1979.0,12
1549.0,12
2300.0,12
339.0,12
1341.0,12
2133.0,12
1525.0,12
2184.0,12
2411.0,12
768.0,12
3249.0,12
2725.0,12
3059.0,12
2323.0,12
1954.0,12
4773.0,12
4857.0,12
64.0,12
3345.0,12
2310.0,12
682.0,12
750.0,12
2544.0,12
3883.0,12
3444.0,12
1187.0,12
2772.0,12
1350.0,12
3273.0,12
1673.0,12
1618.0,12
2592.0,12
194.0,12
605.0,12
2391.0,12
4705.0,12
578.0,12
1547.0,12
832.0,12
379.0,12
527.0,12
5065.0,12
895.0,12
3713.0,12
4886.0,12
3285.0,11
3199.0,11
3770.0,11
5007.0,11
1011.0,11
1291.0,11
2906.0,11
1569.0,11
3312.0,11
2327.0,11
3745.0,11
2193.0,11
2094.0,11
28.0,11
4756.0,11
4777.0,11
4739.0,11
3625.0,11
1491.0,11
1311.0,11
1506.0,11
1988.0,11
2696.0,11
1911.0,11
1230.0,11
833.0,11
1895.0,11
3274.0,11
954.0,11
1497.0,11
5040.0,11
3111.0,11
3291.0,11
2491.0,11
5046.0,11
1928.0,11
363.0,11
992.0,11
3186.0,11
4541.0,11
1370.0,11
2737.0,11
3603.0,11
643.0,11
408.0,11
2331.0,11
968.0,11
1712.0,11
2249.0,11
2044.0,11
3705.0,11
2602.0,11
4016.0,11
4981.0,11
843.0,11
2577.0,11
1806.0,11
2224.0,11
4570.0,11
148.0,11
1837.0,11
4484.0,11
2285.0,11
1217.0,11
4173.0,11
543.0,11
4332.0,11
1870.0,11
4296.0,11
4082.0,11
5170.0,11
1993.0,11
2136.0,11
1781.0,11
5011.0,11
4239.0,11
1896.0,11
4107.0,11
2357.0,11
2380.0,11
582.0,11
4006.0,11
3185.0,11
1745.0,11
3194.0,11
4402.0,11
1413.0,11
1447.0,11
2086.0,11
1321.0,11
1613.0,11
2383.0,11
2901.0,11
1958.0,11
2981.0,11
3061.0,11
3783.0,11
2840.0,11
2881.0,11
4263.0,11
1621.0,11
2897.0,11
3293.0,11
3917.0,11
5133.0,11
4859.0,11
1457.0,11
2813.0,11
590.0,11
3636.0,11
3825.0,11
593.0,11
2792.0,11
3466.0,11
5193.0,11
2091.0,10
4689.0,10
3397.0,10
2231.0,10
2620.0,10
3222.0,10
2560.0,10
1772.0,10
2185.0,10
533.0,10
2600.0,10
3803.0,10
2049.0,10
2935.0,10
4523.0,10
1640.0,10
1634.0,10
3434.0,10
250.0,10
863.0,10
5030.0,10
4266.0,10
3320.0,10
1064.0,10
4912.0,10
172.0,10
4547.0,10
1937.0,10
2594.0,10
1793.0,10
577.0,10
4656.0,10
1367.0,10
1883.0,10
2655.0,10
3490.0,10
3915.0,10
724.0,10
2483.0,10
4552.0,10
2096.0,10
3485.0,10
613.0,10
2375.0,10
336.0,10
5020.0,10
1005.0,10
2523.0,10
4382.0,10
397.0,10
3583.0,10
2097.0,10
4435.0,10
887.0,10
729.0,10
3806.0,10
2686.0,10
257.0,10
904.0,10
1827.0,10
2258.0,10
462.0,10
4063.0,10
4903.0,10
2072.0,10
4421.0,10
3216.0,10
2643.0,10
1932.0,10
3653.0,10
1202.0,10
2060.0,10
1692.0,10
1390.0,10
3184.0,10
1831.0,10
3277.0,10
2186.0,10
1866.0,10
503.0,10
1984.0,10
1489.0,10
5012.0,10
3033.0,10
4425.0,10
3158.0,10
229.0,10
773.0,10
5143.0,10
4678.0,10
552.0,10
4124.0,10
1742.0,10
2827.0,10
1784.0,10
3569.0,10
1494.0,10
1417.0,10
1583.0,10
65.0,10
5095.0,10
3805.0,10
606.0,10
4106.0,10
2213.0,10
1848.0,10
1946.0,10
2677.0,10
2350.0,10
3566.0,10
3852.0,10
375.0,10
1785.0,10
592.0,10
2333.0,10
4335.0,10
4892.0,10
1530.0,10
1955.0,10
2645.0,10
855.0,10
2863.0,10
4030.0,10
2939.0,10
150.0,10
2988.0,10
2951.0,10
1479.0,10
2793.0,10
4476.0,10
2082.0,10
2252.0,10
3395.0,9
4044.0,9
873.0,9
2338.0,9
2115.0,9
1660.0,9
1003.0,9
20.0,9
2979.0,9
2518.0,9
1815.0,9
4544.0,9
4796.0,9
1170.0,9
3288.0,9
202.0,9
4583.0,9
1348.0,9
475.0,9
4915.0,9
1553.0,9
4545.0,9
4536.0,9
3053.0,9
4396.0,9
2672.0,9
3501.0,9
9.0,9
1063.0,9
3951.0,9
2551.0,9
2052.0,9
2893.0,9
4408.0,9
4181.0,9
4776.0,9
1940.0,9
5091.0,9
3012.0,9
5129.0,9
3072.0,9
2061.0,9
3109.0,9
52.0,9
4861.0,9
84.0,9
94.0,9
2967.0,9
4115.0,9
4860.0,9
4008.0,9
3498.0,9
3520.0,9
2512.0,9
368.0,9
1340.0,9
1470.0,9
845.0,9
2765.0,9
4056.0,9
934.0,9
4.0,9
2679.0,9
2697.0,9
4759.0,9
4448.0,9
3413.0,9
1466.0,9
444.0,9
3013.0,9
1959.0,9
116.0,9
3193.0,9
1201.0,9
3913.0,9
3669.0,9
491.0,9
4579.0,9
2536.0,9
2059.0,9
5185.0,9
3192.0,9
3104.0,9
4564.0,9
3871.0,9
3386.0,9
4076.0,9
2759.0,9
266.0,9
3763.0,9
4761.0,9
373.0,9
4838.0,9
4526.0,9
2200.0,9
2944.0,9
327.0,9
3373.0,9
277.0,9
1927.0,9
2736.0,9
4985.0,9
3388.0,9
2321.0,9
247.0,9
3934.0,9
1420.0,9
3588.0,9
1507.0,9
1323.0,9
1138.0,9
2647.0,9
4735.0,9
4144.0,9
3684.0,9
853.0,9
2033.0,9
756.0,9
826.0,9
4427.0,9
2070.0,9
2214.0,9
4352.0,9
2674.0,9
4819.0,9
398.0,9
5052.0,9
4122.0,9
5167.0,9
1898.0,9
1944.0,9
1423.0,9
2960.0,9
1499.0,9
3979.0,9
3048.0,9
2129.0,9
4716.0,9
3995.0,9
1379.0,9
1438.0,9
2715.0,9
259.0,9
632.0,9
2566.0,9
68.0,9
60.0,9
3381.0,9
2506.0,9
3668.0,9
783.0,9
759.0,9
4508.0,9
3893.0,9
3170.0,9
1511.0,9
2644.0,9
1394.0,9
679.0,9
3416.0,9
4410.0,9
3958.0,9
3882.0,9
3396.0,9
4722.0,9
4149.0,8
806.0,8
725.0,8
4304.0,8
2543.0,8
542.0,8
878.0,8
2384.0,8
958.0,8
3328.0,8
4141.0,8
4975.0,8
1520.0,8
5061.0,8
2426.0,8
46.0,8
2657.0,8
4432.0,8
1679.0,8
3638.0,8
2820.0,8
446.0,8
2275.0,8
5192.0,8
255.0,8
2303.0,8
980.0,8
4483.0,8
2030.0,8
2157.0,8
2143.0,8
55.0,8
4066.0,8
4577.0,8
1875.0,8
4133.0,8
4538.0,8
938.0,8
1943.0,8
2302.0,8
4964.0,8
4490.0,8
3299.0,8
2083.0,8
4966.0,8
4495.0,8
3130.0,8
63.0,8
3744.0,8
261.0,8
76.0,8
4249.0,8
2202.0,8
4145.0,8
1585.0,8
2541.0,8
3325.0,8
631.0,8
4676.0,8
175.0,8
3554.0,8
4910.0,8
1460.0,8
4447.0,8
2370.0,8
4758.0,8
1808.0,8
1091.0,8
322.0,8
2366.0,8
4250.0,8
1056.0,8
2477.0,8
2268.0,8
2101.0,8
3608.0,8
3251.0,8
1860.0,8
3932.0,8
4357.0,8
2612.0,8
293.0,8
218.0,8
3496.0,8
4934.0,8
2834.0,8
5096.0,8
1385.0,8
4279.0,8
4300.0,8
2936.0,8
2177.0,8
612.0,8
2819.0,8
4021.0,8
3344.0,8
5034.0,8
4733.0,8
1902.0,8
1699.0,8
1298.0,8
2243.0,8
3911.0,8
1561.0,8
2954.0,8
4546.0,8
4319.0,8
3078.0,8
2165.0,8
1052.0,8
3787.0,8
3822.0,8
3271.0,8
626.0,8
2359.0,8
2946.0,8
3209.0,8
3773.0,8
4081.0,8
1182.0,8
3310.0,8
4962.0,8
3063.0,8
4055.0,8
5094.0,8
2868.0,8
3439.0,8
3038.0,8
246.0,8
2241.0,8
4852.0,8
1272.0,8
1666.0,8
4439.0,8
3811.0,8
390.0,8
2823.0,8
1383.0,8
2996.0,8
4268.0,8
3568.0,8
4039.0,8
1112.0,8
1353.0,7
1488.0,7
4064.0,7
1538.0,7
3487.0,7
2528.0,7
1713.0,7
3533.0,7
2734.0,7
3497.0,7
2114.0,7
4277.0,7
3178.0,7
3324.0,7
2164.0,7
3219.0,7
3621.0,7
1741.0,7
916.0,7
1535.0,7
4948.0,7
2307.0,7
3431.0,7
4209.0,7
5043.0,7
1473.0,7
2472.0,7
3895.0,7
121.0,7
864.0,7
1537.0,7
313.0,7
2450.0,7
2489.0,7
2417.0,7
829.0,7
2667.0,7
2882.0,7
3464.0,7
1254.0,7
3339.0,7
4400.0,7
4661.0,7
2818.0,7
4765.0,7
2842.0,7
2895.0,7
1209.0,7
4481.0,7
4164.0,7
396.0,7
3545.0,7
273.0,7
839.0,7
2150.0,7
254.0,7
4706.0,7
2220.0,7
1528.0,7
4191.0,7
800.0,7
2576.0,7
4275.0,7
1730.0,7
3889.0,7
356.0,7
1987.0,7
3741.0,7
467.0,7
4593.0,7
296.0,7
851.0,7
4535.0,7
2363.0,7
33.0,7
1908.0,7
4728.0,7
3954.0,7
1188.0,7
429.0,7
4518.0,7
4639.0,7
3362.0,7
231.0,7
771.0,7
92.0,7
1205.0,7
4539.0,7
1169.0,7
1850.0,7
1087.0,7
1809.0,7
1355.0,7
328.0,7
4640.0,7
3005.0,7
357.0,7
190.0,7
1841.0,7
1904.0,7
3314.0,7
1859.0,7
1416.0,7
2053.0,7
11.0,7
3382.0,7
3457.0,7
749.0,7
743.0,7
1570.0,7
350.0,7
2919.0,7
2373.0,7
695.0,7
1072.0,7
1626.0,7
318.0,7
2005.0,7
2486.0,7
2085.0,7
2025.0,7
1717.0,7
1586.0,7
4328.0,7
3914.0,7
2007.0,7
4836.0,7
2847.0,7
4162.0,7
5190.0,7
3302.0,7
3962.0,7
2493.0,7
4895.0,7
3057.0,7
4049.0,7
989.0,7
1212.0,7
625.0,7
4843.0,7
3997.0,7
779.0,7
111.0,7
2941.0,7
217.0,7
5165.0,7
807.0,7
1662.0,7
2394.0,7
3841.0,7
5115.0,7
4101.0,7
2799.0,7
1719.0,7
2649.0,7
644.0,7
2843.0,7
4875.0,7
3707.0,7
2021.0,7
3448.0,7
3182.0,7
1877.0,7
4102.0,7
359.0,7
2933.0,7
897.0,7
3952.0,7
3547.0,7
1655.0,7
1157.0,7
2770.0,7
3972.0,6
2826.0,6
3369.0,6
1879.0,6
1800.0,6
464.0,6
953.0,6
1720.0,6
1487.0,6
4942.0,6
558.0,6
1967.0,6
2969.0,6
874.0,6
5176.0,6
3694.0,6
2678.0,6
3421.0,6
36.0,6
595.0,6
5023.0,6
2558.0,6
3076.0,6
5161.0,6
3977.0,6
4811.0,6
5130.0,6
3733.0,6
1591.0,6
382.0,6
3922.0,6
3957.0,6
2598.0,6
2837.0,6
4226.0,6
4724.0,6
2753.0,6
2605.0,6
3134.0,6
3870.0,6
4362.0,6
4426.0,6
733.0,6
744.0,6
1373.0,6
2621.0,6
665.0,6
2571.0,6
3117.0,6
842.0,6
685.0,6
2874.0,6
4129.0,6
2796.0,6
1178.0,6
484.0,6
3009.0,6
4719.0,6
4783.0,6
3878.0,6
673.0,6
681.0,6
2972.0,6
5089.0,6
3383.0,6
3477.0,6
2106.0,6
4725.0,6
2749.0,6
4900.0,6
599.0,6
2855.0,6
4660.0,6
4751.0,6
4000.0,6
2389.0,6
129.0,6
1706.0,6
2789.0,6
4628.0,6
2374.0,6
994.0,6
4151.0,6
1995.0,6
2515.0,6
3297.0,6
3614.0,6
2825.0,6
1564.0,6
1369.0,6
3611.0,6
69.0,6
173.0,6
3210.0,6
2828.0,6
3356.0,6
4833.0,6
80.0,6
3933.0,6
35.0,6
2023.0,6
2727.0,6
371.0,6
3909.0,6
4414.0,6
548.0,6
5029.0,6
1429.0,6
4829.0,6
2494.0,6
305.0,6
325.0,6
1786.0,6
4336.0,6
4349.0,6
1950.0,6
37.0,6
1375.0,6
1623.0,6
387.0,6
2669.0,6
4868.0,6
1316.0,6
880.0,6
2312.0,6
650.0,6
1593.0,6
3055.0,6
3115.0,6
2399.0,6
4597.0,6
3535.0,6
4712.0,6
3715.0,6
4920.0,6
4270.0,6
4243.0,6
1696.0,6
949.0,6
3183.0,6
1695.0,6
4817.0,6
4608.0,6
2742.0,6
1643.0,6
1736.0,6
1243.0,6
3348.0,6
2798.0,6
4333.0,6
4287.0,6
3681.0,6
1164.0,6
1237.0,6
4652.0,6
700.0,6
278.0,6
2610.0,6
5123.0,6
951.0,6
4873.0,6
4634.0,6
5055.0,5
579.0,5
2810.0,5
3387.0,5
808.0,5
3613.0,5
4943.0,5
821.0,5
2741.0,5
1085.0,5
1382.0,5
3019.0,5
797.0,5
1128.0,5
2839.0,5
4946.0,5
3593.0,5
4752.0,5
2322.0,5
3106.0,5
5026.0,5
1088.0,5
48.0,5
3113.0,5
3619.0,5
1454.0,5
1327.0,5
608.0,5
3849.0,5
2710.0,5
1751.0,5
236.0,5
2890.0,5
5189.0,5
4297.0,5
2125.0,5
1275.0,5
1921.0,5
466.0,5
3235.0,5
3231.0,5
519.0,5
3828.0,5
4385.0,5
3189.0,5
329.0,5
1180.0,5
3418.0,5
442.0,5
4923.0,5
4298.0,5
2432.0,5
705.0,5
3639.0,5
348.0,5
3171.0,5
4244.0,5
3570.0,5
427.0,5
1700.0,5
4375.0,5
1034.0,5
2735.0,5
221.0,5
1771.0,5
597.0,5
3060.0,5
2755.0,5
2634.0,5
1422.0,5
1567.0,5
3567.0,5
4837.0,5
212.0,5
319.0,5
730.0,5
1697.0,5
2199.0,5
2907.0,5
4183.0,5
642.0,5
849.0,5
2680.0,5
3282.0,5
1972.0,5
3600.0,5
2041.0,5
3469.0,5
2263.0,5
4456.0,5
1306.0,5
226.0,5
2641.0,5
766.0,5
3704.0,5
3124.0,5
4825.0,5
1418.0,5
1236.0,5
238.0,5
2464.0,5
4230.0,5
1192.0,5
381.0,5
2232.0,5
3080.0,5
1615.0,5
3263.0,5
4356.0,5
3996.0,5
3404.0,5
1031.0,5
1325.0,5
1924.0,5
4159.0,5
2343.0,5
1552.0,5
2795.0,5
2675.0,5
852.0,5
2746.0,5
3925.0,5
3960.0,5
4550.0,5
570.0,5
5104.0,5
1116.0,5
3248.0,5
164.0,5
3635.0,5
1326.0,5
3225.0,5
2069.0,5
3969.0,5
1680.0,5
567.0,5
2695.0,5
2431.0,5
3355.0,5
142.0,5
1307.0,5
4308.0,5
203.0,5
4605.0,5
965.0,5
2272.0,5
5035.0,5
5182.0,5
4799.0,5
10.0,5
3068.0,5
1221.0,5
847.0,5
4420.0,5
1078.0,5
188.0,5
2393.0,5
4416.0,5
2105.0,5
3075.0,5
3502.0,5
321.0,5
1566.0,5
3098.0,5
1536.0,5
2902.0,5
722.0,5
2043.0,5
4968.0,5
4813.0,5
4337.0,5
4584.0,5
4156.0,4
982.0,4
3601.0,4
1073.0,4
798.0,4
2279.0,4
1270.0,4
4740.0,4
3826.0,4
392.0,4
1115.0,4
4785.0,4
3730.0,4
24.0,4
4353.0,4
3555.0,4
2182.0,4
674.0,4
5092.0,4
1421.0,4
3974.0,4
1737.0,4
683.0,4
3764.0,4
918.0,4
3616.0,4
2682.0,4
917.0,4
3842.0,4
489.0,4
4534.0,4
4175.0,4
3562.0,4
2110.0,4
2542.0,4
3118.0,4
2103.0,4
4438.0,4
3414.0,4
3772.0,4
1349.0,4
3864.0,4
1657.0,4
2046.0,4
5111.0,4
5070.0,4
1070.0,4
4624.0,4
4525.0,4
506.0,4
2980.0,4
1249.0,4
4260.0,4
2802.0,4
5155.0,4
3941.0,4
239.0,4
1779.0,4
3151.0,4
1419.0,4
1598.0,4
4977.0,4
191.0,4
4940.0,4
3988.0,4
4126.0,4
1431.0,4
820.0,4
3521.0,4
5163.0,4
3863.0,4
3752.0,4
1352.0,4
2235.0,4
3987.0,4
423.0,4
1933.0,4
4487.0,4
1119.0,4
3322.0,4
4844.0,4
3157.0,4
443.0,4
1960.0,4
143.0,4
1539.0,4
1992.0,4
342.0,4
5134.0,4
1241.0,4
5024.0,4
324.0,4
4586.0,4
1289.0,4
4822.0,4
2175.0,4
355.0,4
4444.0,4
3950.0,4
2743.0,4
2816.0,4
3824.0,4
4984.0,4
3989.0,4
1871.0,4
1409.0,4
3843.0,4
1047.0,4
1840.0,4
3791.0,4
4529.0,4
2087.0,4
624.0,4
4190.0,4
4047.0,4
5014.0,4
5103.0,4
5113.0,4
4694.0,4
4343.0,4
62.0,4
831.0,4
2145.0,3
4986.0,3
1273.0,3
3525.0,3
3426.0,3
4612.0,3
4823.0,3
3286.0,3
3103.0,3
1986.0,3
4199.0,3
4485.0,3
687.0,3
975.0,3
1251.0,3
3375.0,3
404.0,3
3785.0,3
177.0,3
170.0,3
1002.0,3
581.0,3
5069.0,3
1708.0,3
4355.0,3
481.0,3
147.0,3
5121.0,3
2439.0,3
4251.0,3
41.0,3
2938.0,3
1545.0,3
4154.0,3
3541.0,3
3447.0,3
4050.0,3
3126.0,3
4293.0,3
3680.0,3
279.0,3
3959.0,3
2089.0,3
4463.0,3
3809.0,3
1766.0,3
923.0,3
27.0,3
3468.0,3
3632.0,3
502.0,3
963.0,3
2288.0,3
1624.0,3
4590.0,3
4788.0,3
2922.0,3
2194.0,3
553.0,3
4136.0,3
3814.0,3
1975.0,3
1796.0,3
4987.0,3
1810.0,3
822.0,3
4768.0,3
3359.0,3
1043.0,3
1335.0,3
4370.0,3
2925.0,3
1093.0,3
4026.0,3
3696.0,3
1317.0,3
1884.0,3
4147.0,3
386.0,3
3587.0,3
3551.0,3
1184.0,3
4314.0,3
3538.0,3
697.0,3
3776.0,3
4919.0,3
4983.0,3
1531.0,3
1605.0,3
2076.0,3
1803.0,3
737.0,3
636.0,3
3470.0,3
2443.0,3
251.0,3
520.0,3
516.0,3
2886.0,3
3630.0,3
413.0,3
3226.0,3
2559.0,3
6.0,3
4856.0,3
34.0,3
74.0,3
1183.0,3
866.0,3
888.0,3
668.0,3
4224.0,3
152.0,3
82.0,3
535.0,3
315.0,3
123.0,3
2351.0,2
411.0,2
291.0,2
708.0,2
2495.0,2
1611.0,2
2173.0,2
4510.0,2
2255.0,2
3858.0,2
2283.0,2
3296.0,2
1845.0,2
3966.0,2
1315.0,2
972.0,2
2016.0,2
1172.0,2
4896.0,2
2236.0,2
802.0,2
3149.0,2
4114.0,2
1181.0,2
2533.0,2
4265.0,2
2065.0,2
1346.0,2
776.0,2
2511.0,2
5118.0,2
1299.0,2
4993.0,2
4888.0,2
81.0,2
4519.0,2
1253.0,2
4870.0,2
2838.0,2
8.0,2
4440.0,2
5056.0,2
3343.0,2
3459.0,2
3409.0,2
555.0,2
2959.0,2
5102.0,2
2656.0,2
2758.0,2
4876.0,2
1709.0,2
2950.0,2
728.0,2
83.0,2
1555.0,2
3692.0,2
629.0,2
130.0,2
4530.0,2
922.0,2
2739.0,2
2658.0,2
1324.0,2
3281.0,2
2.0,2
4272.0,2
4767.0,2
1476.0,2
3400.0,2
4182.0,2
1125.0,2
3107.0,2
1523.0,2
1607.0,2
3607.0,2
207.0,2
1698.0,2
4100.0,2
2138.0,2
2172.0,2
634.0,2
840.0,2
3315.0,2
758.0,2
2206.0,2
5039.0,2
3761.0,2
2012.0,2
3364.0,1
3675.0,1
2332.0,1
2586.0,1
4653.0,1
1516.0,1
42.0,1
4540.0,1
288.0,1
127.0,1
2436.0,1
2717.0,1
2705.0,1
252.0,1
214.0,1
3289.0,1
2352.0,1
2291.0,1
107.0,1
4625.0,1
3298.0,1
1061.0,1
4338.0,1
2445.0,1
2163.0,1
4167.0,1
884.0,1
3634.0,1
3024.0,1
3376.0,1
3868.0,1
1015.0,1
485.0,1
2281.0,1
3475.0,1
124.0,1
1824.0,1
282.0,1
2502.0,1
4599.0,1
1066.0,1
924.0,1
2817.0,1
1297.0,1
3747.0,1
1167.0,1
990.0,1
1380.0,1
936.0,1
1821.0,1
5169.0,1
4827.0,1
2278.0,1
