Cliente ID,NÃºmero de Compras,Cluster
2296.0,968,1
1096.0,894,1
4651.0,881,1
1726.0,865,1
1372.0,856,1
2800.0,851,1
2846.0,843,1
3813.0,822,1
450.0,816,1
4757.0,810,1
3228.0,674,1
1189.0,671,1
125.0,654,1
295.0,619,1
1961.0,612,1
5195.0,606,1
4780.0,579,1
563.0,574,1
3224.0,567,1
4635.0,567,1
223.0,556,1
14.0,552,1
1117.0,548,1
455.0,547,1
3067.0,539,1
791.0,496,1
2862.0,485,1
3499.0,484,1
2068.0,484,1
3264.0,484,1
1296.0,484,1
3938.0,483,1
2761.0,474,1
1101.0,468,1
4099.0,462,1
2000.0,462,1
2608.0,432,1
3121.0,426,1
308.0,425,1
1248.0,420,1
2204.0,419,1
4179.0,416,1
2109.0,415,1
4562.0,411,1
4736.0,410,1
1391.0,409,1
496.0,408,1
2396.0,405,1
2720.0,403,1
2962.0,397,1
669.0,377,1
1514.0,373,1
1715.0,373,1
410.0,373,1
1402.0,367,1
4412.0,366,1
2002.0,361,1
5064.0,354,1
5142.0,354,1
4891.0,352,1
4674.0,351,1
3234.0,350,1
3261.0,315,1
378.0,314,1
2852.0,311,1
3865.0,308,1
1856.0,307,1
834.0,306,1
2595.0,301,1
3792.0,296,1
3799.0,295,1
4196.0,248,2
3918.0,247,2
961.0,246,2
85.0,237,2
2402.0,237,2
3875.0,229,2
1287.0,229,2
2330.0,194,2
2547.0,189,2
2616.0,185,2
2377.0,180,2
1271.0,178,2
4247.0,178,2
946.0,176,2
3472.0,152,2
25.0,150,2
657.0,149,2
2965.0,149,2
4415.0,145,2
4913.0,144,2
3739.0,142,2
3612.0,142,2
740.0,138,2
2478.0,137,2
4429.0,136,2
1041.0,135,2
3598.0,135,2
4506.0,132,2
4443.0,131,2
2324.0,130,2
3190.0,128,2
993.0,128,2
487.0,126,2
4311.0,124,2
5008.0,124,2
3990.0,123,2
996.0,122,2
105.0,122,2
3073.0,121,2
899.0,121,2
4616.0,121,2
4666.0,120,2
5077.0,120,2
1399.0,120,2
3709.0,118,2
3062.0,118,2
2454.0,117,2
661.0,117,2
3275.0,117,2
769.0,117,2
57.0,116,2
1206.0,116,2
3101.0,116,2
1505.0,116,2
388.0,115,2
1238.0,114,2
483.0,114,2
4764.0,114,2
4511.0,114,2
2707.0,114,2
424.0,113,2
4454.0,113,2
5053.0,112,2
1686.0,112,2
2286.0,112,2
672.0,112,2
2379.0,111,2
3604.0,111,2
1590.0,111,2
3794.0,111,2
3015.0,111,2
4271.0,110,2
1746.0,110,2
3695.0,109,2
564.0,109,2
4879.0,108,2
4451.0,108,2
3237.0,107,2
3687.0,107,2
4517.0,107,2
3032.0,105,2
2588.0,105,2
909.0,105,2
1174.0,105,2
3880.0,104,2
1456.0,104,2
3557.0,104,2
1199.0,103,2
314.0,103,2
3626.0,103,2
735.0,103,2
2244.0,103,2
474.0,102,2
2217.0,102,2
1168.0,101,2
433.0,100,2
3010.0,100,2
1588.0,100,2
292.0,99,2
1137.0,99,2
2597.0,99,2
1162.0,99,2
1568.0,98,2
4236.0,98,2
70.0,98,2
4441.0,97,2
2355.0,97,2
1278.0,97,2
4916.0,96,2
361.0,96,2
970.0,96,2
4558.0,96,2
4947.0,96,2
4231.0,95,2
1540.0,95,2
3438.0,95,2
4035.0,95,2
3511.0,94,2
2848.0,94,2
4018.0,94,2
4637.0,94,2
1029.0,93,2
1437.0,93,2
3920.0,93,2
3378.0,93,2
1411.0,93,2
2427.0,93,2
1300.0,93,2
1646.0,93,2
3850.0,92,2
2563.0,92,2
4423.0,92,2
2453.0,92,2
2009.0,91,2
2873.0,91,2
4464.0,91,2
1812.0,91,2
514.0,91,2
233.0,90,2
40.0,90,2
4105.0,90,2
3534.0,90,2
274.0,90,2
658.0,90,2
876.0,89,2
973.0,89,2
1557.0,89,2
1797.0,89,2
2690.0,89,2
1749.0,89,2
2947.0,89,2
2986.0,89,2
346.0,88,2
2088.0,88,2
3552.0,88,2
1141.0,88,2
5097.0,87,2
1131.0,87,2
2745.0,87,2
2457.0,87,2
1671.0,87,2
1862.0,87,2
2425.0,87,2
206.0,87,2
2989.0,87,2
2462.0,87,2
208.0,87,2
2673.0,86,2
4468.0,86,2
21.0,86,2
3640.0,86,2
3218.0,86,2
4496.0,86,2
3391.0,86,2
1948.0,86,2
2195.0,86,2
1025.0,85,2
3537.0,85,2
1256.0,85,2
1792.0,85,2
4393.0,85,2
4970.0,85,2
2282.0,85,2
2921.0,84,2
2703.0,84,2
470.0,84,2
2329.0,83,2
3571.0,83,2
1606.0,83,2
1433.0,83,2
1442.0,83,2
5060.0,83,2
1930.0,83,2
928.0,83,2
2365.0,83,2
3201.0,82,2
4574.0,82,2
1330.0,82,2
3581.0,82,2
3628.0,82,2
1723.0,81,2
2924.0,81,2
4786.0,81,2
926.0,81,2
1674.0,81,2
216.0,81,2
198.0,81,2
5005.0,81,2
1886.0,81,2
4072.0,81,2
4644.0,80,2
902.0,80,2
580.0,80,2
1071.0,80,2
712.0,80,2
3548.0,80,2
4351.0,80,2
2698.0,80,2
2170.0,80,2
2371.0,80,2
2912.0,80,2
260.0,79,2
456.0,79,2
1374.0,79,2
1282.0,79,2
667.0,79,2
4457.0,79,2
4899.0,79,2
1124.0,79,2
1974.0,79,2
1627.0,79,2
810.0,79,2
2014.0,79,2
1358.0,79,2
1826.0,78,2
335.0,78,2
2473.0,78,2
4848.0,78,2
2412.0,78,2
4197.0,78,2
1844.0,78,2
703.0,77,2
1190.0,77,2
493.0,77,2
2471.0,77,2
2859.0,77,2
1900.0,77,2
627.0,77,2
2635.0,77,2
158.0,77,2
1802.0,77,2
781.0,76,2
3116.0,76,2
607.0,76,2
3284.0,76,2
3786.0,76,2
2004.0,76,2
2788.0,76,2
4647.0,76,2
1225.0,76,2
717.0,76,2
635.0,76,2
140.0,76,2
297.0,76,2
628.0,76,2
3820.0,76,2
2328.0,76,2
576.0,75,2
281.0,75,2
4810.0,75,2
4384.0,75,2
3097.0,75,2
1656.0,75,2
4383.0,75,2
3179.0,75,2
326.0,75,2
4401.0,75,2
3508.0,75,2
4772.0,74,2
2953.0,74,2
309.0,74,2
3790.0,74,2
2803.0,74,2
2617.0,74,2
2256.0,74,2
5027.0,74,2
26.0,74,2
180.0,74,2
17.0,73,2
4029.0,73,2
785.0,73,2
2210.0,73,2
2671.0,73,2
2409.0,73,2
4130.0,73,2
3968.0,73,2
1761.0,73,2
846.0,72,2
2078.0,72,2
402.0,72,2
633.0,72,2
1571.0,72,2
5050.0,72,2
3796.0,72,2
3494.0,72,2
4131.0,72,2
2618.0,72,2
4741.0,72,2
2420.0,72,2
3253.0,72,2
4366.0,72,2
2615.0,72,2
4604.0,72,2
5066.0,72,2
4350.0,71,2
960.0,71,2
1036.0,71,2
3873.0,71,2
323.0,71,2
3000.0,71,2
1619.0,71,2
932.0,71,2
1829.0,71,2
4889.0,71,2
4623.0,71,2
3213.0,71,2
3556.0,71,2
752.0,71,2
2501.0,71,2
3654.0,70,2
3491.0,70,2
4881.0,70,2
5093.0,70,2
3133.0,70,2
1562.0,70,2
448.0,70,2
4737.0,70,2
2124.0,70,2
4313.0,70,2
947.0,70,2
2123.0,70,2
409.0,69,2
2851.0,69,2
2326.0,69,2
4407.0,69,2
3304.0,69,2
3384.0,69,2
3354.0,69,2
4955.0,69,2
4710.0,69,2
3486.0,69,2
4348.0,69,2
4846.0,69,2
1878.0,69,2
532.0,69,2
4424.0,69,2
2341.0,69,2
1274.0,69,2
2876.0,69,2
2434.0,69,2
988.0,68,2
1152.0,68,2
351.0,68,2
692.0,68,2
3985.0,68,2
2869.0,68,2
1440.0,68,2
1952.0,68,2
78.0,68,2
3831.0,68,2
4388.0,68,2
376.0,68,2
4709.0,68,2
814.0,68,2
1503.0,68,2
1978.0,68,2
3066.0,68,2
4890.0,68,2
4176.0,68,2
3427.0,67,2
3931.0,67,2
3257.0,67,2
3300.0,67,2
4687.0,67,2
415.0,67,2
3047.0,67,2
3771.0,67,2
755.0,67,2
2590.0,67,2
4621.0,67,2
1597.0,67,2
1554.0,67,2
204.0,67,2
54.0,67,2
716.0,67,2
4587.0,67,2
4157.0,67,2
1410.0,67,2
1807.0,67,2
3353.0,66,2
341.0,66,2
2630.0,66,2
2857.0,66,2
3718.0,66,2
828.0,66,2
56.0,66,2
2537.0,66,2
1024.0,66,2
1501.0,66,2
2910.0,66,2
2970.0,66,2
3599.0,66,2
3204.0,66,2
2580.0,66,2
1415.0,66,2
4143.0,66,2
4086.0,66,2
4893.0,66,2
1740.0,66,2
1069.0,66,2
235.0,66,2
2631.0,65,2
4532.0,65,2
3943.0,65,2
3029.0,65,2
4559.0,65,2
2158.0,65,2
3415.0,65,2
3884.0,65,2
907.0,65,2
1060.0,65,2
4067.0,65,2
1688.0,65,2
2113.0,65,2
623.0,65,2
1727.0,65,2
3259.0,65,2
4831.0,65,2
763.0,65,2
1906.0,65,2
1920.0,64,2
4744.0,64,2
621.0,64,2
138.0,64,2
5080.0,64,2
86.0,64,2
1449.0,64,2
3939.0,64,2
4686.0,64,2
4617.0,64,2
870.0,64,2
2433.0,64,2
678.0,64,2
757.0,64,2
4795.0,64,2
537.0,64,2
2349.0,64,2
2309.0,64,2
4691.0,64,2
551.0,64,2
3573.0,63,2
1082.0,63,2
594.0,63,2
2778.0,63,2
4399.0,63,2
1356.0,63,2
185.0,63,2
3016.0,63,2
1336.0,63,2
2209.0,63,2
4809.0,63,2
2870.0,63,2
561.0,63,2
1095.0,63,2
4748.0,63,2
4778.0,63,2
1847.0,63,2
2299.0,63,2
1521.0,63,2
1219.0,63,2
4062.0,63,2
2058.0,63,2
1976.0,63,2
5101.0,63,2
4801.0,63,2
4718.0,63,2
1020.0,63,2
4805.0,62,2
2364.0,62,2
5181.0,62,2
1774.0,62,2
1973.0,62,2
2573.0,62,2
477.0,62,2
4071.0,62,2
3575.0,62,2
4542.0,62,2
2265.0,62,2
332.0,62,2
805.0,62,2
5058.0,62,2
4551.0,62,2
939.0,62,2
4320.0,62,2
3268.0,62,2
609.0,62,2
253.0,62,2
2027.0,61,2
144.0,61,2
4033.0,61,2
4979.0,61,2
1432.0,61,2
3866.0,61,2
4204.0,61,2
2239.0,61,2
2048.0,61,2
1103.0,61,2
3727.0,61,2
4999.0,61,2
307.0,61,2
2415.0,61,2
3479.0,61,2
4775.0,61,2
3188.0,61,2
2372.0,61,2
1905.0,61,2
3734.0,61,2
3408.0,60,2
2569.0,60,2
804.0,60,2
71.0,60,2
3560.0,60,2
3442.0,60,2
2521.0,60,2
5131.0,60,2
4548.0,60,2
3657.0,60,2
937.0,60,2
3031.0,60,2
2504.0,60,2
4904.0,60,2
584.0,60,2
4677.0,60,2
933.0,60,2
868.0,60,2
2284.0,60,2
1450.0,60,2
3716.0,60,2
4657.0,60,2
2546.0,60,2
1515.0,59,2
666.0,59,2
1074.0,59,2
389.0,59,2
1045.0,59,2
2764.0,59,2
2561.0,59,2
2627.0,59,2
1150.0,59,2
2780.0,59,2
2144.0,59,2
2830.0,59,2
1899.0,59,2
2900.0,59,2
1565.0,59,2
3924.0,59,2
3014.0,59,2
2100.0,59,2
1313.0,59,2
45.0,59,2
2230.0,59,2
709.0,59,2
4771.0,59,2
270.0,59,2
4798.0,59,2
3656.0,59,2
2233.0,59,2
4872.0,59,2
232.0,59,2
3026.0,59,2
2961.0,59,2
4261.0,59,2
1266.0,59,2
4924.0,59,2
3256.0,59,2
4405.0,59,2
2653.0,59,2
1953.0,58,2
1836.0,58,2
4477.0,58,2
5018.0,58,2
4085.0,58,2
4557.0,58,2
4042.0,58,2
1947.0,58,2
4340.0,58,2
4967.0,58,2
3971.0,58,2
3818.0,58,2
2642.0,58,2
3885.0,58,2
4648.0,58,2
2768.0,58,2
283.0,58,2
2856.0,58,2
269.0,58,2
3203.0,58,2
3368.0,58,2
2492.0,58,2
945.0,58,2
1018.0,58,2
4602.0,58,2
32.0,58,2
5159.0,58,2
3693.0,58,2
3808.0,58,2
3025.0,58,2
2381.0,58,2
3517.0,57,2
4281.0,57,2
3317.0,57,2
3196.0,57,2
2293.0,57,2
2896.0,57,2
4198.0,57,2
79.0,57,2
511.0,57,2
1179.0,57,2
4479.0,57,2
1917.0,57,2
2557.0,57,2
468.0,57,2
4865.0,57,2
838.0,57,2
1765.0,57,2
5003.0,57,2
400.0,57,2
1142.0,57,2
471.0,57,2
3163.0,57,2
1945.0,57,2
2903.0,57,2
1587.0,57,2
3435.0,57,2
4779.0,57,2
2787.0,57,2
4931.0,57,2
4305.0,57,2
4002.0,56,2
1849.0,56,2
1285.0,56,2
598.0,56,2
2629.0,56,2
4341.0,56,2
677.0,56,2
4140.0,56,2
720.0,56,2
256.0,56,2
1546.0,56,2
4839.0,56,2
4478.0,56,2
5157.0,56,2
4458.0,56,2
2482.0,56,2
108.0,56,2
193.0,56,2
3242.0,56,2
4116.0,56,2
809.0,56,2
3937.0,56,2
818.0,56,2
117.0,56,2
2132.0,56,2
4869.0,56,2
2806.0,56,2
1693.0,56,2
4664.0,55,2
3162.0,55,2
2648.0,55,2
2822.0,55,2
2267.0,55,2
875.0,55,2
4302.0,55,2
2689.0,55,2
3215.0,55,2
3212.0,55,2
5048.0,55,2
3481.0,55,2
4721.0,55,2
2003.0,55,2
3335.0,55,2
2447.0,55,2
3965.0,55,2
4726.0,55,2
3422.0,55,2
4024.0,55,2
2532.0,55,2
3450.0,55,2
4952.0,55,2
2166.0,55,2
4730.0,55,2
4474.0,55,2
2273.0,55,2
2107.0,55,2
43.0,55,2
4113.0,55,2
513.0,55,2
3821.0,54,2
1628.0,54,2
4959.0,54,2
2042.0,54,2
2466.0,54,2
3135.0,54,2
787.0,54,2
4073.0,54,2
2884.0,54,2
987.0,54,2
1861.0,54,2
166.0,54,2
2313.0,54,2
2940.0,54,2
5075.0,54,2
4445.0,54,2
2211.0,54,2
2476.0,54,2
4794.0,54,2
3903.0,54,2
3751.0,54,2
538.0,54,2
2754.0,54,2
2257.0,54,2
5187.0,54,2
4787.0,54,2
3887.0,54,2
1453.0,53,2
2975.0,53,2
1146.0,53,2
4155.0,53,2
4927.0,53,2
5071.0,53,2
2540.0,53,2
1595.0,53,2
556.0,53,2
304.0,53,2
134.0,53,2
3719.0,53,2
1127.0,53,2
4502.0,53,2
3458.0,53,2
3633.0,53,2
3476.0,53,2
2448.0,53,2
906.0,53,2
3488.0,53,2
711.0,53,2
1512.0,53,2
4897.0,53,2
2785.0,53,2
2583.0,53,2
3393.0,53,2
2878.0,53,2
2034.0,53,2
5164.0,53,2
3437.0,53,2
1455.0,53,2
3859.0,53,2
2694.0,53,2
3169.0,53,2
5073.0,52,2
4950.0,52,2
2208.0,52,2
289.0,52,2
5148.0,52,2
1338.0,52,2
2740.0,52,2
2260.0,52,2
575.0,52,2
3754.0,52,2
4499.0,52,2
3270.0,52,2
1918.0,52,2
2681.0,52,2
4908.0,52,2
3153.0,52,2
4914.0,52,2
1513.0,52,2
2137.0,52,2
2297.0,52,2
1281.0,52,2
267.0,52,2
3262.0,52,2
1548.0,52,2
534.0,52,2
1314.0,52,2
4672.0,51,2
2029.0,51,2
3688.0,51,2
2883.0,51,2
200.0,51,2
2369.0,51,2
2845.0,51,2
2850.0,51,2
5068.0,51,2
971.0,51,2
4704.0,51,2
2039.0,51,2
161.0,51,2
3233.0,51,2
3433.0,51,2
2538.0,51,2
4620.0,51,2
3830.0,51,2
5125.0,51,2
3056.0,51,2
1451.0,51,2
1012.0,51,2
4493.0,51,2
3742.0,51,2
562.0,51,2
50.0,51,2
1601.0,51,2
2036.0,51,2
4306.0,51,2
2646.0,51,2
258.0,51,2
3610.0,51,2
1780.0,51,2
3970.0,50,2
4791.0,50,2
3753.0,50,2
2405.0,50,2
1318.0,50,2
2011.0,50,2
1261.0,50,2
2465.0,50,2
854.0,50,2
3410.0,50,2
1215.0,50,2
1113.0,50,2
1854.0,50,2
2708.0,50,2
2775.0,50,2
2984.0,50,2
1035.0,50,2
2510.0,50,2
2280.0,50,2
689.0,50,2
224.0,50,2
2973.0,50,2
2073.0,50,2
1599.0,50,2
1762.0,50,2
1529.0,50,2
619.0,50,2
1309.0,49,2
4318.0,49,2
1677.0,49,2
1579.0,49,2
3451.0,49,2
227.0,49,2
2613.0,49,2
5173.0,49,2
1922.0,49,2
3306.0,49,2
775.0,49,2
1482.0,49,2
113.0,49,2
4235.0,49,2
4743.0,49,2
4285.0,49,2
2407.0,49,2
585.0,49,2
4521.0,49,2
2162.0,49,2
3857.0,49,2
2651.0,49,2
19.0,49,2
4404.0,49,2
4409.0,49,2
2885.0,49,2
3096.0,49,2
3334.0,49,2
523.0,49,2
197.0,49,2
4849.0,49,2
3100.0,49,2
748.0,49,2
312.0,48,2
209.0,48,2
3894.0,48,2
4345.0,48,2
2062.0,48,2
546.0,48,2
153.0,48,2
2782.0,48,2
1910.0,48,2
4452.0,48,2
911.0,48,2
2905.0,48,2
4858.0,48,2
5183.0,48,2
3812.0,48,2
3252.0,48,2
2854.0,48,2
1134.0,48,2
830.0,48,2
1097.0,48,2
354.0,48,2
1550.0,48,2
2623.0,48,2
3784.0,48,2
284.0,48,2
1705.0,48,2
1939.0,48,2
4995.0,48,2
654.0,48,2
2404.0,48,2
995.0,48,2
2191.0,48,2
2340.0,48,2
1934.0,48,2
495.0,48,2
2652.0,48,2
3140.0,48,2
4005.0,48,2
439.0,48,2
1412.0,48,2
4600.0,48,2
4371.0,48,2
3834.0,48,2
3671.0,48,2
3998.0,48,2
3999.0,48,2
1477.0,47,2
4054.0,47,2
3900.0,47,2
1276.0,47,2
2040.0,47,2
2860.0,47,2
4187.0,47,2
2386.0,47,2
2603.0,47,2
2228.0,47,2
1716.0,47,2
1685.0,47,2
2259.0,47,2
1226.0,47,2
4989.0,47,2
369.0,47,2
5002.0,47,2
1670.0,47,2
983.0,47,2
976.0,47,2
4727.0,47,2
2470.0,47,2
5127.0,47,2
4217.0,47,2
3419.0,47,2
1936.0,47,2
2487.0,47,2
4255.0,47,2
1213.0,47,2
4820.0,47,2
2499.0,47,2
3644.0,47,2
572.0,47,2
566.0,47,2
364.0,47,2
2395.0,47,2
4520.0,47,2
3208.0,47,2
2192.0,47,2
1577.0,46,2
499.0,46,2
4622.0,46,2
2568.0,46,2
4051.0,46,2
3948.0,46,2
4953.0,46,2
2942.0,46,2
3836.0,46,2
601.0,46,2
2999.0,46,2
5107.0,46,2
3087.0,46,2
174.0,46,2
1758.0,46,2
2414.0,46,2
1354.0,46,2
115.0,46,2
2661.0,46,2
5184.0,46,2
1770.0,46,2
2867.0,46,2
4594.0,46,2
1049.0,46,2
4096.0,46,2
4211.0,46,2
4363.0,46,2
568.0,46,2
4734.0,46,2
4316.0,46,2
4465.0,46,2
1262.0,46,2
4227.0,46,2
3549.0,46,2
414.0,46,2
827.0,46,2
4905.0,45,2
4354.0,45,2
4097.0,45,2
3352.0,45,2
163.0,45,2
4887.0,45,2
4327.0,45,2
1342.0,45,2
294.0,45,2
1214.0,45,2
4210.0,45,2
3649.0,45,2
560.0,45,2
4001.0,45,2
1630.0,45,2
1398.0,45,2
2991.0,45,2
2982.0,45,2
4188.0,45,2
3902.0,45,2
4112.0,45,2
3789.0,45,2
4507.0,45,2
59.0,45,2
2054.0,45,2
4524.0,45,2
2526.0,45,2
2584.0,45,2
3136.0,45,2
4922.0,45,2
2841.0,45,2
3099.0,45,2
1707.0,45,2
4932.0,45,2
691.0,45,2
2254.0,45,2
186.0,45,2
5059.0,45,2
2201.0,45,2
2416.0,45,2
5100.0,45,2
1048.0,45,2
3358.0,45,2
4692.0,45,2
4867.0,45,2
2408.0,44,2
614.0,44,2
118.0,44,2
920.0,44,2
886.0,44,2
1107.0,44,2
5116.0,44,2
416.0,44,2
4015.0,44,2
1977.0,44,2
739.0,44,2
4715.0,44,2
2250.0,44,2
1839.0,44,2
3336.0,44,2
2360.0,44,2
3307.0,44,2
4549.0,44,2
3529.0,44,2
2344.0,44,2
583.0,44,2
792.0,44,2
1872.0,44,2
1308.0,44,2
4078.0,44,2
4229.0,44,2
2844.0,44,2
1509.0,44,2
4364.0,44,2
2229.0,44,2
1471.0,44,2
1648.0,44,2
3586.0,44,2
3065.0,44,2
3564.0,44,2
2203.0,44,2
3788.0,44,2
4554.0,44,2
2446.0,43,2
4339.0,43,2
3326.0,43,2
5084.0,43,2
2815.0,43,2
1668.0,43,2
2118.0,43,2
3620.0,43,2
881.0,43,2
4615.0,43,2
1397.0,43,2
2234.0,43,2
1658.0,43,2
3022.0,43,2
1632.0,43,2
1083.0,43,2
1347.0,43,2
4654.0,43,2
2180.0,43,2
1500.0,43,2
3765.0,43,2
3876.0,43,2
1475.0,43,2
1830.0,43,2
967.0,43,2
2398.0,43,2
1478.0,43,2
1728.0,43,2
4575.0,43,2
4894.0,43,2
12.0,43,2
1575.0,43,2
4766.0,43,2
3316.0,43,2
959.0,43,2
4428.0,43,2
3674.0,43,2
1424.0,43,2
4475.0,43,2
5110.0,43,2
3239.0,43,2
4225.0,43,2
2509.0,43,2
2601.0,43,2
333.0,43,2
2807.0,43,2
1448.0,42,2
4949.0,42,2
1269.0,42,2
1345.0,42,2
2188.0,42,2
1874.0,42,2
4028.0,42,2
2152.0,42,2
1401.0,42,2
2385.0,42,2
3737.0,42,2
528.0,42,2
244.0,42,2
4603.0,42,2
4512.0,42,2
4855.0,42,2
4303.0,42,2
540.0,42,2
2760.0,42,2
1795.0,42,2
3897.0,42,2
1293.0,42,2
1838.0,42,2
4472.0,42,2
799.0,42,2
4373.0,42,2
3221.0,42,2
4941.0,42,2
1462.0,42,2
1527.0,42,2
645.0,42,2
4707.0,42,2
545.0,42,2
3892.0,42,2
3854.0,42,2
4812.0,42,2
4150.0,42,2
3748.0,42,2
2721.0,42,2
4695.0,42,2
1086.0,42,2
1684.0,42,2
4274.0,42,2
5074.0,42,2
3670.0,41,0
2776.0,41,0
2766.0,41,0
31.0,41,0
1522.0,41,0
1914.0,41,0
5171.0,41,0
2888.0,41,0
3021.0,41,0
5126.0,41,0
997.0,41,0
1114.0,41,0
2579.0,41,0
2654.0,41,0
4509.0,41,0
5019.0,41,0
5120.0,41,0
3390.0,41,0
453.0,41,0
228.0,41,0
2685.0,41,0
2567.0,41,0
1767.0,41,0
419.0,41,0
2670.0,41,0
1912.0,41,0
1701.0,41,0
2066.0,41,0
4614.0,41,0
3051.0,41,0
3550.0,41,0
3527.0,41,0
1814.0,41,0
1532.0,41,0
3200.0,41,0
457.0,41,0
114.0,41,0
1195.0,41,0
4172.0,41,0
2378.0,41,0
2197.0,41,0
1123.0,41,0
1675.0,41,0
3040.0,41,0
3514.0,41,0
347.0,41,0
4398.0,41,0
900.0,41,0
2017.0,41,0
4939.0,41,0
4309.0,41,0
4289.0,40,0
120.0,40,0
2692.0,40,0
4956.0,40,0
4307.0,40,0
4585.0,40,0
4177.0,40,0
4976.0,40,0
2983.0,40,0
589.0,40,0
4186.0,40,0
762.0,40,0
4960.0,40,0
5128.0,40,0
459.0,40,0
2126.0,40,0
4746.0,40,0
3848.0,40,0
463.0,40,0
3351.0,40,0
4290.0,40,0
4760.0,40,0
4262.0,40,0
2762.0,40,0
4528.0,40,0
662.0,40,0
1805.0,40,0
168.0,40,0
2376.0,40,0
4367.0,40,0
4803.0,40,0
4781.0,40,0
3829.0,40,0
2347.0,40,0
3683.0,40,0
2632.0,40,0
3582.0,40,0
1022.0,40,0
3398.0,40,0
4601.0,40,0
3923.0,40,0
4965.0,40,0
3492.0,40,0
4459.0,40,0
3595.0,40,0
2937.0,40,0
4806.0,40,0
358.0,40,0
2019.0,40,0
4109.0,40,0
1286.0,39,0
2733.0,39,0
742.0,39,0
4292.0,39,0
4153.0,39,0
4221.0,39,0
473.0,39,0
1185.0,39,0
596.0,39,0
2790.0,39,0
3506.0,39,0
2361.0,39,0
4206.0,39,0
157.0,39,0
617.0,39,0
4991.0,39,0
3780.0,39,0
731.0,39,0
5033.0,39,0
2488.0,39,0
2311.0,39,0
726.0,39,0
1788.0,39,0
2345.0,39,0
4119.0,39,0
4466.0,39,0
4681.0,39,0
1985.0,39,0
640.0,39,0
4034.0,39,0
4800.0,39,0
1165.0,39,0
3420.0,39,0
573.0,39,0
2479.0,39,0
4832.0,39,0
4789.0,39,0
2638.0,39,0
1006.0,39,0
3145.0,39,0
4460.0,39,0
290.0,38,0
240.0,38,0
3246.0,38,0
2752.0,38,0
3578.0,38,0
2079.0,38,0
1962.0,38,0
3172.0,38,0
1159.0,38,0
1062.0,38,0
2475.0,38,0
2663.0,38,0
4573.0,38,0
1224.0,38,0
2926.0,38,0
3606.0,38,0
734.0,38,0
1130.0,38,0
3110.0,38,0
3721.0,38,0
4708.0,38,0
2127.0,38,0
3227.0,38,0
4816.0,38,0
2368.0,38,0
5017.0,38,0
4745.0,38,0
4462.0,38,0
780.0,38,0
3049.0,38,0
4065.0,38,0
4595.0,38,0
3168.0,38,0
1384.0,38,0
3303.0,38,0
3532.0,38,0
3793.0,38,0
2421.0,38,0
1098.0,38,0
2611.0,38,0
4884.0,38,0
4994.0,38,0
4698.0,38,0
4571.0,38,0
2317.0,38,0
4344.0,38,0
5117.0,38,0
4901.0,38,0
2731.0,38,0
1108.0,38,0
1406.0,38,0
403.0,38,0
3174.0,38,0
4403.0,38,0
271.0,38,0
1653.0,38,0
591.0,38,0
4470.0,38,0
3947.0,38,0
4675.0,38,0
2927.0,37,0
4871.0,37,0
3823.0,37,0
122.0,37,0
1764.0,37,0
2253.0,37,0
3240.0,37,0
910.0,37,0
944.0,37,0
4146.0,37,0
3504.0,37,0
747.0,37,0
4061.0,37,0
1439.0,37,0
4121.0,37,0
4200.0,37,0
2451.0,37,0
4797.0,37,0
3699.0,37,0
3370.0,37,0
1703.0,37,0
1691.0,37,0
1496.0,37,0
488.0,37,0
2050.0,37,0
2178.0,37,0
510.0,37,0
2438.0,37,0
1156.0,37,0
2362.0,37,0
531.0,37,0
4325.0,37,0
1787.0,37,0
1893.0,37,0
4609.0,37,0
102.0,37,0
2196.0,37,0
3781.0,37,0
154.0,37,0
3131.0,37,0
2513.0,37,0
2920.0,37,0
2525.0,37,0
587.0,37,0
298.0,37,0
529.0,37,0
4669.0,37,0
3399.0,37,0
4572.0,37,0
2141.0,37,0
3301.0,37,0
2531.0,37,0
3276.0,37,0
4189.0,37,0
4395.0,37,0
4123.0,36,0
2503.0,36,0
3507.0,36,0
3839.0,36,0
3717.0,36,0
4938.0,36,0
2155.0,36,0
4007.0,36,0
3530.0,36,0
5138.0,36,0
1941.0,36,0
4233.0,36,0
3090.0,36,0
3004.0,36,0
377.0,36,0
2955.0,36,0
1461.0,36,0
3726.0,36,0
2461.0,36,0
1664.0,36,0
3929.0,36,0
616.0,36,0
3953.0,36,0
1790.0,36,0
929.0,36,0
5082.0,36,0
684.0,36,0
751.0,36,0
2216.0,36,0
3112.0,36,0
4216.0,36,0
1534.0,36,0
4928.0,36,0
2104.0,36,0
4527.0,36,0
3377.0,36,0
4453.0,36,0
4093.0,36,0
4555.0,36,0
4184.0,36,0
913.0,36,0
4489.0,36,0
3003.0,36,0
2892.0,36,0
641.0,36,0
1186.0,36,0
2723.0,36,0
211.0,36,0
3609.0,36,0
2668.0,36,0
1811.0,36,0
2047.0,36,0
2949.0,35,0
1322.0,35,0
3758.0,35,0
3597.0,35,0
2111.0,35,0
694.0,35,0
5085.0,35,0
3007.0,35,0
1320.0,35,0
2246.0,35,0
1200.0,35,0
2174.0,35,0
2270.0,35,0
352.0,35,0
4589.0,35,0
5188.0,35,0
3645.0,35,0
1722.0,35,0
2028.0,35,0
4442.0,35,0
885.0,35,0
3615.0,35,0
2319.0,35,0
941.0,35,0
2633.0,35,0
1110.0,35,0
3347.0,35,0
2894.0,35,0
4480.0,35,0
2382.0,35,0
1443.0,35,0
3269.0,35,0
362.0,35,0
482.0,35,0
1295.0,35,0
1337.0,35,0
2064.0,35,0
1111.0,35,0
914.0,35,0
4077.0,35,0
3898.0,35,0
790.0,35,0
4286.0,35,0
3164.0,35,0
2045.0,35,0
4178.0,35,0
4997.0,35,0
2908.0,35,0
1360.0,35,0
1678.0,35,0
767.0,35,0
265.0,35,0
927.0,35,0
2779.0,35,0
3045.0,35,0
2422.0,35,0
2763.0,35,0
5135.0,35,0
5186.0,35,0
4359.0,35,0
1176.0,34,0
1055.0,34,0
3580.0,34,0
3159.0,34,0
3141.0,34,0
998.0,34,0
3230.0,34,0
3338.0,34,0
2441.0,34,0
2459.0,34,0
1244.0,34,0
1233.0,34,0
2498.0,34,0
3563.0,34,0
3975.0,34,0
3860.0,34,0
5000.0,34,0
3321.0,34,0
370.0,34,0
3760.0,34,0
1343.0,34,0
2811.0,34,0
825.0,34,0
2390.0,34,0
4205.0,34,0
220.0,34,0
1748.0,34,0
3255.0,34,0
3180.0,34,0
5191.0,34,0
3673.0,34,0
3648.0,34,0
3417.0,34,0
1747.0,34,0
5009.0,34,0
2676.0,34,0
1004.0,34,0
1907.0,34,0
465.0,34,0
1608.0,34,0
2748.0,34,0
1469.0,34,0
4753.0,34,0
4391.0,34,0
3723.0,34,0
4522.0,34,0
2730.0,33,0
3392.0,33,0
3330.0,33,0
3119.0,33,0
3238.0,33,0
22.0,33,0
4422.0,33,0
1220.0,33,0
3089.0,33,0
1916.0,33,0
1100.0,33,0
5154.0,33,0
2738.0,33,0
1711.0,33,0
2413.0,33,0
3449.0,33,0
4486.0,33,0
3904.0,33,0
3983.0,33,0
3079.0,33,0
2406.0,33,0
2898.0,33,0
1026.0,33,0
2662.0,33,0
4079.0,33,0
3935.0,33,0
2139.0,33,0
815.0,33,0
430.0,33,0
659.0,33,0
1667.0,33,0
4376.0,33,0
1084.0,33,0
2964.0,33,0
4958.0,33,0
3123.0,33,0
504.0,33,0
2037.0,33,0
4802.0,33,0
2849.0,33,0
4461.0,33,0
3037.0,33,0
2556.0,33,0
3363.0,33,0
5105.0,33,0
2665.0,33,0
4380.0,33,0
4688.0,33,0
1823.0,33,0
2732.0,33,0
1589.0,33,0
3874.0,33,0
2693.0,33,0
1676.0,33,0
823.0,33,0
770.0,33,0
512.0,33,0
4369.0,33,0
931.0,33,0
182.0,33,0
894.0,33,0
4218.0,33,0
2481.0,32,0
2063.0,32,0
2945.0,32,0
4866.0,32,0
2248.0,32,0
1851.0,32,0
4750.0,32,0
1203.0,32,0
2099.0,32,0
77.0,32,0
962.0,32,0
104.0,32,0
1559.0,32,0
98.0,32,0
3138.0,32,0
4835.0,32,0
5031.0,32,0
4473.0,32,0
1710.0,32,0
1926.0,32,0
4174.0,32,0
51.0,32,0
5152.0,32,0
3342.0,32,0
4685.0,32,0
4514.0,32,0
4450.0,32,0
1982.0,32,0
2974.0,32,0
905.0,32,0
2287.0,32,0
2140.0,32,0
3838.0,32,0
1702.0,32,0
2570.0,32,0
38.0,32,0
165.0,32,0
272.0,32,0
1563.0,32,0
1153.0,32,0
3698.0,32,0
2554.0,32,0
4588.0,32,0
890.0,32,0
4491.0,32,0
1126.0,32,0
4294.0,32,0
1578.0,32,0
4246.0,32,0
3706.0,32,0
784.0,32,0
2176.0,32,0
676.0,31,0
2056.0,31,0
4619.0,31,0
1079.0,31,0
2871.0,31,0
1733.0,31,0
3357.0,31,0
4978.0,31,0
1880.0,31,0
2276.0,31,0
675.0,31,0
301.0,31,0
5072.0,31,0
2865.0,31,0
399.0,31,0
777.0,31,0
4702.0,31,0
4161.0,31,0
5078.0,31,0
3743.0,31,0
4862.0,31,0
1405.0,31,0
765.0,31,0
1427.0,31,0
2701.0,31,0
405.0,31,0
571.0,31,0
3041.0,31,0
4278.0,31,0
1783.0,31,0
1268.0,31,0
2346.0,31,0
4360.0,31,0
2829.0,31,0
4012.0,31,0
3991.0,31,0
879.0,31,0
1524.0,31,0
5106.0,31,0
498.0,31,0
630.0,31,0
1059.0,31,0
4180.0,31,0
4853.0,31,0
1919.0,31,0
4379.0,31,0
4323.0,31,0
778.0,31,0
1778.0,31,0
192.0,31,0
3445.0,31,0
639.0,31,0
2314.0,31,0
490.0,31,0
1434.0,31,0
2387.0,31,0
3602.0,31,0
2804.0,31,0
1050.0,31,0
2218.0,31,0
237.0,31,0
2719.0,30,0
1556.0,30,0
2075.0,30,0
2247.0,30,0
5162.0,30,0
2240.0,30,0
4069.0,30,0
1364.0,30,0
5136.0,30,0
1393.0,30,0
4818.0,30,0
3927.0,30,0
2134.0,30,0
2167.0,30,0
1891.0,30,0
4110.0,30,0
1968.0,30,0
2093.0,30,0
1458.0,30,0
1305.0,30,0
4658.0,30,0
4397.0,30,0
1923.0,30,0
1444.0,30,0
406.0,30,0
5194.0,30,0
1663.0,30,0
603.0,30,0
1768.0,30,0
263.0,30,0
858.0,30,0
1436.0,30,0
4264.0,30,0
721.0,30,0
1075.0,30,0
2637.0,30,0
1654.0,30,0
3592.0,30,0
638.0,30,0
3565.0,30,0
5.0,30,0
3331.0,30,0
2290.0,30,0
660.0,30,0
2169.0,30,0
5160.0,30,0
4845.0,30,0
3083.0,30,0
4038.0,30,0
2555.0,30,0
135.0,30,0
764.0,30,0
394.0,30,0
4629.0,30,0
3035.0,30,0
3379.0,30,0
3542.0,29,0
1303.0,29,0
3034.0,29,0
340.0,29,0
841.0,29,0
4930.0,29,0
2112.0,29,0
4117.0,29,0
2562.0,29,0
1724.0,29,0
3455.0,29,0
187.0,29,0
2744.0,29,0
2388.0,29,0
600.0,29,0
3768.0,29,0
3816.0,29,0
745.0,29,0
912.0,29,0
4824.0,29,0
4019.0,29,0
2102.0,29,0
3853.0,29,0
2997.0,29,0
3295.0,29,0
5013.0,29,0
3905.0,29,0
242.0,29,0
2552.0,29,0
210.0,29,0
680.0,29,0
3085.0,29,0
4632.0,29,0
1147.0,29,0
1732.0,29,0
3736.0,29,0
2522.0,29,0
4020.0,29,0
4092.0,29,0
1232.0,29,0
4665.0,29,0
2729.0,29,0
39.0,29,0
1259.0,29,0
3558.0,29,0
690.0,29,0
1490.0,29,0
1378.0,29,0
4641.0,29,0
3463.0,29,0
3540.0,29,0
4556.0,29,0
550.0,29,0
53.0,29,0
2142.0,29,0
1407.0,29,0
1789.0,29,0
2456.0,29,0
1021.0,29,0
2367.0,29,0
3663.0,29,0
1776.0,29,0
3319.0,29,0
2149.0,29,0
3430.0,29,0
5004.0,29,0
3244.0,29,0
2207.0,29,0
4663.0,29,0
4171.0,28,0
3797.0,28,0
1773.0,28,0
4754.0,28,0
4513.0,28,0
438.0,28,0
796.0,28,0
3861.0,28,0
1234.0,28,0
5158.0,28,0
1647.0,28,0
4933.0,28,0
2067.0,28,0
3092.0,28,0
3258.0,28,0
3436.0,28,0
3478.0,28,0
2006.0,28,0
1155.0,28,0
1744.0,28,0
867.0,28,0
2534.0,28,0
5145.0,28,0
3936.0,28,0
4148.0,28,0
3729.0,28,0
1617.0,28,0
2783.0,28,0
196.0,28,0
1.0,28,0
2308.0,28,0
3845.0,28,0
241.0,28,0
2773.0,28,0
559.0,28,0
3702.0,28,0
1068.0,28,0
1612.0,28,0
2587.0,28,0
4814.0,28,0
1644.0,28,0
280.0,28,0
422.0,28,0
3008.0,28,0
1689.0,28,0
183.0,28,0
1428.0,28,0
646.0,28,0
2575.0,28,0
3664.0,28,0
5042.0,28,0
5047.0,28,0
2797.0,28,0
1971.0,28,0
877.0,28,0
2808.0,28,0
1604.0,28,0
1000.0,28,0
2497.0,28,0
1144.0,28,0
2262.0,28,0
2831.0,28,0
714.0,28,0
3802.0,27,0
574.0,27,0
3365.0,27,0
3129.0,27,0
3402.0,27,0
1990.0,27,0
3318.0,27,0
4693.0,27,0
4883.0,27,0
1389.0,27,0
889.0,27,0
5062.0,27,0
2636.0,27,0
3840.0,27,0
1481.0,27,0
3804.0,27,0
2812.0,27,0
1446.0,27,0
3617.0,27,0
3137.0,27,0
4885.0,27,0
360.0,27,0
1582.0,27,0
316.0,27,0
3403.0,27,0
234.0,27,0
3407.0,27,0
5087.0,27,0
3531.0,27,0
3846.0,27,0
3424.0,27,0
3536.0,27,0
4911.0,27,0
287.0,27,0
1149.0,27,0
4969.0,27,0
1194.0,27,0
3827.0,27,0
2485.0,27,0
4170.0,27,0
393.0,27,0
2700.0,27,0
816.0,27,0
3641.0,27,0
4284.0,27,0
2219.0,27,0
1013.0,27,0
760.0,27,0
3775.0,27,0
4248.0,27,0
2315.0,27,0
3722.0,27,0
2666.0,27,0
1042.0,27,0
4025.0,27,0
4842.0,27,0
544.0,27,0
1756.0,27,0
3187.0,27,0
1637.0,27,0
4280.0,27,0
4972.0,27,0
586.0,27,0
4137.0,27,0
903.0,27,0
1881.0,27,0
813.0,27,0
1714.0,27,0
530.0,27,0
4850.0,27,0
1739.0,27,0
919.0,27,0
4636.0,27,0
4954.0,27,0
3524.0,27,0
5108.0,27,0
2836.0,27,0
3835.0,26,0
2261.0,26,0
2342.0,26,0
3964.0,26,0
1925.0,26,0
3750.0,26,0
1404.0,26,0
492.0,26,0
3879.0,26,0
3724.0,26,0
3146.0,26,0
2913.0,26,0
3039.0,26,0
1053.0,26,0
4321.0,26,0
1581.0,26,0
4267.0,26,0
3493.0,26,0
3489.0,26,0
1729.0,26,0
1121.0,26,0
4387.0,26,0
732.0,26,0
706.0,26,0
2154.0,26,0
155.0,26,0
1504.0,26,0
1642.0,26,0
2535.0,26,0
774.0,26,0
1543.0,26,0
4118.0,26,0
4023.0,26,0
1965.0,26,0
1058.0,26,0
1864.0,26,0
2348.0,26,0
1312.0,26,0
2306.0,26,0
230.0,26,0
4053.0,26,0
500.0,26,0
4326.0,26,0
3446.0,26,0
67.0,26,0
1359.0,26,0
3198.0,26,0
4742.0,26,0
1799.0,26,0
4553.0,26,0
521.0,26,0
2022.0,26,0
1016.0,26,0
385.0,26,0
2001.0,26,0
1357.0,26,0
3154.0,26,0
1301.0,26,0
5179.0,26,0
1143.0,26,0
3247.0,26,0
480.0,26,0
2767.0,26,0
2392.0,26,0
1966.0,26,0
2353.0,26,0
2833.0,26,0
4494.0,25,0
1076.0,25,0
2015.0,25,0
3412.0,25,0
704.0,25,0
1609.0,25,0
1464.0,25,0
1981.0,25,0
1743.0,25,0
2948.0,25,0
4237.0,25,0
3440.0,25,0
3461.0,25,0
99.0,25,0
1760.0,25,0
1888.0,25,0
4963.0,25,0
2712.0,25,0
3662.0,25,0
2625.0,25,0
1468.0,25,0
4747.0,25,0
4591.0,25,0
3181.0,25,0
3206.0,25,0
1942.0,25,0
4592.0,25,0
753.0,25,0
1949.0,25,0
2992.0,25,0
2757.0,25,0
5051.0,25,0
3746.0,25,0
649.0,25,0
95.0,25,0
2853.0,25,0
4731.0,25,0
3267.0,25,0
2264.0,25,0
4324.0,25,0
3207.0,25,0
4022.0,25,0
3795.0,25,0
670.0,25,0
2168.0,25,0
857.0,25,0
2564.0,25,0
5151.0,25,0
536.0,25,0
882.0,25,0
3757.0,25,0
2517.0,25,0
1541.0,25,0
1560.0,25,0
421.0,25,0
2529.0,25,0
276.0,25,0
507.0,24,0
366.0,24,0
524.0,24,0
3832.0,24,0
3070.0,24,0
4037.0,24,0
109.0,24,0
2435.0,24,0
1596.0,24,0
4497.0,24,0
4992.0,24,0
4828.0,24,0
1769.0,24,0
4469.0,24,0
2915.0,24,0
93.0,24,0
3596.0,24,0
3539.0,24,0
2794.0,24,0
1963.0,24,0
460.0,24,0
1019.0,24,0
13.0,24,0
4582.0,24,0
2077.0,24,0
1983.0,24,0
547.0,24,0
1820.0,24,0
4234.0,24,0
1602.0,24,0
569.0,24,0
986.0,24,0
3294.0,24,0
384.0,24,0
1235.0,24,0
2358.0,24,0
3023.0,24,0
4729.0,24,0
1573.0,24,0
4578.0,24,0
1969.0,24,0
4830.0,24,0
3896.0,24,0
3686.0,24,0
5119.0,24,0
1638.0,24,0
2966.0,24,0
472.0,24,0
1329.0,24,0
1332.0,24,0
5177.0,24,0
3810.0,24,0
3749.0,24,0
1403.0,24,0
349.0,23,0
3453.0,23,0
2514.0,23,0
1931.0,23,0
2026.0,23,0
1368.0,23,0
2929.0,23,0
3279.0,23,0
4501.0,23,0
2582.0,23,0
4223.0,23,0
3735.0,23,0
4503.0,23,0
1526.0,23,0
3961.0,23,0
3471.0,23,0
1600.0,23,0
2687.0,23,0
1196.0,23,0
353.0,23,0
4041.0,23,0
723.0,23,0
3350.0,23,0
4089.0,23,0
3160.0,23,0
3389.0,23,0
4095.0,23,0
5010.0,23,0
3305.0,23,0
461.0,23,0
2337.0,23,0
1651.0,23,0
3361.0,23,0
3577.0,23,0
103.0,23,0
4936.0,23,0
4643.0,23,0
3891.0,23,0
4935.0,23,0
3942.0,23,0
100.0,23,0
3432.0,23,0
2084.0,23,0
2866.0,23,0
1576.0,23,0
4649.0,23,0
87.0,23,0
4882.0,23,0
3443.0,23,0
2440.0,23,0
2156.0,23,0
3801.0,23,0
2994.0,23,0
1725.0,23,0
505.0,23,0
1040.0,22,0
1392.0,22,0
1485.0,22,0
4668.0,22,0
2008.0,22,0
4917.0,22,0
451.0,22,0
3460.0,22,0
2716.0,22,0
1753.0,22,0
3308.0,22,0
2032.0,22,0
3050.0,22,0
1260.0,22,0
1400.0,22,0
159.0,22,0
3082.0,22,0
4378.0,22,0
509.0,22,0
4406.0,22,0
5001.0,22,0
4256.0,22,0
3516.0,22,0
1133.0,22,0
4368.0,22,0
3867.0,22,0
4358.0,22,0
1425.0,22,0
693.0,22,0
3973.0,22,0
3655.0,22,0
4774.0,22,0
979.0,22,0
2131.0,22,0
1542.0,22,0
3561.0,22,0
3738.0,22,0
372.0,22,0
1868.0,22,0
4282.0,22,0
604.0,22,0
1376.0,22,0
2781.0,22,0
3088.0,22,0
2872.0,22,0
4633.0,22,0
4471.0,22,0
4240.0,22,0
2932.0,22,0
2516.0,22,0
225.0,22,0
1665.0,22,0
3380.0,22,0
892.0,22,0
431.0,22,0
782.0,22,0
4807.0,22,0
2318.0,22,0
3955.0,22,0
478.0,22,0
201.0,22,0
178.0,22,0
1775.0,22,0
2452.0,22,0
4680.0,22,0
2628.0,21,0
1210.0,21,0
2728.0,21,0
4642.0,21,0
4610.0,21,0
984.0,21,0
2460.0,21,0
1435.0,21,0
4630.0,21,0
2010.0,21,0
330.0,21,0
2709.0,21,0
5098.0,21,0
1994.0,21,0
3762.0,21,0
3371.0,21,0
2791.0,21,0
974.0,21,0
5109.0,21,0
819.0,21,0
4717.0,21,0
872.0,21,0
4863.0,21,0
3708.0,21,0
648.0,21,0
4951.0,21,0
49.0,21,0
3127.0,21,0
1610.0,21,0
3518.0,21,0
2606.0,21,0
2943.0,21,0
964.0,21,0
331.0,21,0
1351.0,21,0
981.0,21,0
710.0,21,0
286.0,21,0
1198.0,21,0
3976.0,21,0
2116.0,21,0
4749.0,21,0
4618.0,21,0
4598.0,21,0
3480.0,21,0
3513.0,21,0
2931.0,21,0
5178.0,21,0
2640.0,21,0
3910.0,21,0
4331.0,21,0
4815.0,21,0
2277.0,21,0
3191.0,21,0
615.0,21,0
1659.0,21,0
1445.0,21,0
1094.0,20,0
3877.0,20,0
3740.0,20,0
3360.0,20,0
4646.0,20,0
1302.0,20,0
1288.0,20,0
2121.0,20,0
2660.0,20,0
425.0,20,0
4606.0,20,0
3912.0,20,0
2274.0,20,0
3618.0,20,0
2500.0,20,0
1222.0,20,0
688.0,20,0
3086.0,20,0
3094.0,20,0
2916.0,20,0
345.0,20,0
1629.0,20,0
3042.0,20,0
3756.0,20,0
5081.0,20,0
908.0,20,0
2688.0,20,0
3205.0,20,0
73.0,20,0
4973.0,20,0
434.0,20,0
4433.0,20,0
2722.0,20,0
264.0,20,0
2750.0,20,0
2864.0,20,0
4036.0,20,0
4945.0,20,0
1970.0,20,0
449.0,20,0
2622.0,20,0
746.0,20,0
3483.0,20,0
1777.0,20,0
652.0,20,0
367.0,20,0
4834.0,20,0
2147.0,20,0
4662.0,20,0
2880.0,20,0
3678.0,20,0
1804.0,20,0
2877.0,20,0
112.0,20,0
1980.0,20,0
966.0,20,0
2683.0,20,0
1876.0,20,0
1140.0,20,0
3720.0,20,0
2081.0,20,0
4701.0,20,0
3071.0,20,0
1682.0,19,0
1889.0,19,0
5149.0,19,0
4381.0,19,0
4254.0,19,0
2222.0,19,0
243.0,19,0
2879.0,19,0
2968.0,19,0
2726.0,19,0
2858.0,19,0
4165.0,19,0
1816.0,19,0
2205.0,19,0
565.0,19,0
3064.0,19,0
2998.0,19,0
3512.0,19,0
5086.0,19,0
4561.0,19,0
1304.0,19,0
437.0,19,0
5079.0,19,0
4792.0,19,0
3333.0,19,0
4770.0,19,0
2424.0,19,0
508.0,19,0
3679.0,19,0
2550.0,19,0
146.0,19,0
2080.0,19,0
969.0,19,0
3245.0,19,0
3175.0,19,0
4135.0,19,0
2713.0,19,0
3643.0,19,0
701.0,19,0
3197.0,19,0
4010.0,19,0
930.0,19,0
3346.0,19,0
2428.0,19,0
4611.0,19,0
4194.0,19,0
1365.0,19,0
2225.0,19,0
3091.0,19,0
1044.0,19,0
181.0,19,0
1897.0,19,0
943.0,19,0
653.0,19,0
4111.0,19,0
4374.0,19,0
4449.0,19,0
1089.0,19,0
1813.0,19,0
1887.0,19,0
2626.0,19,0
2706.0,19,0
2985.0,19,0
611.0,19,0
1533.0,19,0
3930.0,19,0
1794.0,19,0
3017.0,18,0
268.0,18,0
5124.0,18,0
3052.0,18,0
1873.0,18,0
101.0,18,0
2928.0,18,0
3682.0,18,0
3956.0,18,0
3102.0,18,0
436.0,18,0
4996.0,18,0
1645.0,18,0
3759.0,18,0
3028.0,18,0
1819.0,18,0
1991.0,18,0
4925.0,18,0
518.0,18,0
4017.0,18,0
5114.0,18,0
3847.0,18,0
5036.0,18,0
1239.0,18,0
2747.0,18,0
1951.0,18,0
3622.0,18,0
3217.0,18,0
1331.0,18,0
835.0,18,0
2020.0,18,0
1890.0,18,0
1622.0,18,0
1842.0,18,0
5045.0,18,0
4755.0,18,0
955.0,18,0
3500.0,18,0
4004.0,18,0
2215.0,18,0
1163.0,18,0
2238.0,18,0
1166.0,18,0
141.0,18,0
2957.0,18,0
713.0,18,0
365.0,18,0
786.0,18,0
4031.0,18,0
3890.0,18,0
1687.0,18,0
3340.0,18,0
4763.0,18,0
2171.0,18,0
2334.0,18,0
2914.0,18,0
2520.0,18,0
2702.0,18,0
4273.0,18,0
4104.0,18,0
4531.0,18,0
2524.0,18,0
3095.0,18,0
3176.0,18,0
4163.0,18,0
4418.0,18,0
4877.0,18,0
89.0,18,0
4098.0,18,0
1869.0,18,0
4207.0,18,0
2553.0,18,0
1267.0,18,0
2751.0,18,0
4168.0,17,0
1430.0,17,0
2120.0,17,0
3907.0,17,0
4043.0,17,0
2442.0,17,0
343.0,17,0
3214.0,17,0
3405.0,17,0
1175.0,17,0
1631.0,17,0
1173.0,17,0
195.0,17,0
4659.0,17,0
3528.0,17,0
4203.0,17,0
3367.0,17,0
380.0,17,0
5083.0,17,0
4014.0,17,0
4386.0,17,0
4769.0,17,0
3093.0,17,0
3667.0,17,0
3523.0,17,0
1750.0,17,0
300.0,17,0
3908.0,17,0
4713.0,17,0
2429.0,17,0
2604.0,17,0
5099.0,17,0
2474.0,17,0
1010.0,17,0
3967.0,17,0
1027.0,17,0
1635.0,17,0
1120.0,17,0
1754.0,17,0
7.0,17,0
836.0,17,0
3260.0,17,0
3241.0,17,0
3142.0,17,0
4631.0,17,0
2119.0,17,0
3901.0,17,0
3631.0,17,0
699.0,17,0
2354.0,17,0
1339.0,17,0
4048.0,17,0
526.0,17,0
1077.0,17,0
2684.0,17,0
4201.0,17,0
128.0,17,0
3916.0,17,0
4059.0,17,0
3165.0,17,0
2467.0,17,0
4974.0,17,0
698.0,17,0
2786.0,17,0
4847.0,17,0
1257.0,17,0
311.0,17,0
865.0,17,0
1023.0,17,0
4195.0,17,0
4132.0,16,0
2963.0,16,0
4504.0,16,0
5196.0,16,0
4738.0,16,0
2930.0,16,0
2777.0,16,0
3220.0,16,0
4070.0,16,0
169.0,16,0
3394.0,16,0
3986.0,16,0
132.0,16,0
4253.0,16,0
3155.0,16,0
2814.0,16,0
5112.0,16,0
3755.0,16,0
3148.0,16,0
4944.0,16,0
447.0,16,0
1681.0,16,0
4679.0,16,0
3642.0,16,0
1344.0,16,0
3223.0,16,0
4152.0,16,0
4208.0,16,0
4808.0,16,0
4926.0,16,0
4295.0,16,0
3798.0,16,0
1885.0,16,0
2455.0,16,0
4714.0,16,0
788.0,16,0
4228.0,16,0
61.0,16,0
522.0,16,0
4567.0,16,0
977.0,16,0
285.0,16,0
2430.0,16,0
2990.0,16,0
2179.0,16,0
1669.0,16,0
1057.0,16,0
248.0,16,0
686.0,16,0
2801.0,16,0
1519.0,16,0
156.0,16,0
4027.0,16,0
935.0,16,0
3672.0,16,0
4907.0,16,0
2971.0,16,0
4394.0,16,0
3341.0,16,0
1752.0,16,0
3940.0,16,0
3963.0,16,0
2187.0,16,0
1867.0,16,0
3700.0,16,0
1855.0,16,0
486.0,16,0
5049.0,16,0
3152.0,16,0
2271.0,16,0
4699.0,16,0
1903.0,16,0
3462.0,16,0
91.0,16,0
2918.0,16,0
3467.0,16,0
4690.0,16,0
2539.0,16,0
3428.0,16,0
4684.0,16,0
4851.0,15,0
494.0,15,0
275.0,15,0
5025.0,15,0
4720.0,15,0
4683.0,15,0
3697.0,15,0
2463.0,15,0
2190.0,15,0
2581.0,15,0
2153.0,15,0
1616.0,15,0
1136.0,15,0
702.0,15,0
3105.0,15,0
824.0,15,0
58.0,15,0
222.0,15,0
5067.0,15,0
3.0,15,0
3714.0,15,0
1054.0,15,0
44.0,15,0
4259.0,15,0
2724.0,15,0
3290.0,15,0
4682.0,15,0
1858.0,15,0
1265.0,15,0
2887.0,15,0
3156.0,15,0
3725.0,15,0
3888.0,15,0
727.0,15,0
3006.0,15,0
4330.0,15,0
3623.0,15,0
3978.0,15,0
4125.0,15,0
160.0,15,0
4697.0,15,0
4655.0,15,0
2403.0,15,0
249.0,15,0
2784.0,15,0
3510.0,15,0
3027.0,15,0
2891.0,15,0
1386.0,15,0
4120.0,15,0
2699.0,15,0
4580.0,15,0
2298.0,15,0
2095.0,15,0
3332.0,15,0
2507.0,15,0
741.0,15,0
957.0,15,0
1408.0,15,0
2320.0,15,0
3128.0,15,0
3132.0,15,0
539.0,15,0
2691.0,15,0
515.0,15,0
4696.0,15,0
497.0,15,0
3769.0,15,0
1818.0,15,0
1033.0,15,0
859.0,15,0
2305.0,15,0
2593.0,15,0
3984.0,15,0
5156.0,15,0
1572.0,15,0
871.0,15,0
1145.0,15,0
1480.0,14,0
3211.0,14,0
1639.0,14,0
383.0,14,0
4878.0,14,0
4299.0,14,0
1362.0,14,0
3429.0,14,0
476.0,14,0
3728.0,14,0
4645.0,14,0
3993.0,14,0
618.0,14,0
4650.0,14,0
2774.0,14,0
620.0,14,0
3543.0,14,0
2226.0,14,0
15.0,14,0
418.0,14,0
4372.0,14,0
3906.0,14,0
4074.0,14,0
3944.0,14,0
4784.0,14,0
5041.0,14,0
1834.0,14,0
334.0,14,0
1328.0,14,0
2911.0,14,0
435.0,14,0
2490.0,14,0
2449.0,14,0
4581.0,14,0
2410.0,14,0
3054.0,14,0
1032.0,14,0
2018.0,14,0
3980.0,14,0
310.0,14,0
3800.0,14,0
1909.0,14,0
978.0,14,0
2714.0,14,0
1757.0,14,0
1865.0,14,0
3921.0,14,0
3585.0,14,0
5063.0,14,0
4158.0,14,0
1252.0,14,0
176.0,14,0
189.0,14,0
469.0,14,0
1102.0,14,0
16.0,14,0
5054.0,14,0
4214.0,14,0
3637.0,14,0
3018.0,14,0
2607.0,14,0
4138.0,14,0
3576.0,14,0
793.0,14,0
303.0,14,0
1584.0,14,0
4127.0,14,0
1387.0,14,0
4563.0,14,0
3519.0,14,0
3272.0,14,0
719.0,14,0
3677.0,14,0
337.0,14,0
2146.0,14,0
4793.0,14,0
2977.0,14,0
1263.0,14,0
1798.0,14,0
2335.0,14,0
2934.0,14,0
4434.0,14,0
1544.0,14,0
1280.0,14,0
136.0,14,0
3278.0,14,0
4169.0,14,0
3546.0,14,0
3254.0,14,0
3077.0,14,0
4094.0,14,0
4560.0,14,0
4703.0,14,0
4482.0,14,0
1636.0,14,0
219.0,14,0
2198.0,14,0
3327.0,14,0
942.0,14,0
3926.0,14,0
588.0,14,0
3815.0,14,0
1065.0,13,0
2508.0,13,0
3572.0,13,0
4700.0,13,0
2160.0,13,0
3452.0,13,0
2090.0,13,0
1158.0,13,0
4192.0,13,0
856.0,13,0
4390.0,13,0
3250.0,13,0
4160.0,13,0
3591.0,13,0
1039.0,13,0
4060.0,13,0
5006.0,13,0
1474.0,13,0
1592.0,13,0
3195.0,13,0
3584.0,13,0
4841.0,13,0
3946.0,13,0
4322.0,13,0
3833.0,13,0
3030.0,13,0
4937.0,13,0
3856.0,13,0
3782.0,13,0
4241.0,13,0
1161.0,13,0
420.0,13,0
1014.0,13,0
3919.0,13,0
4088.0,13,0
1718.0,13,0
1132.0,13,0
2159.0,13,0
2051.0,13,0
4446.0,13,0
4139.0,13,0
66.0,13,0
4075.0,13,0
18.0,13,0
736.0,13,0
1603.0,13,0
5147.0,13,0
2221.0,13,0
4212.0,13,0
1694.0,13,0
3981.0,13,0
3423.0,13,0
167.0,13,0
3043.0,13,0
4533.0,13,0
1649.0,13,0
5015.0,13,0
4068.0,13,0
2423.0,13,0
5044.0,13,0
374.0,13,0
2619.0,13,0
4220.0,13,0
4998.0,13,0
4568.0,13,0
2711.0,13,0
2496.0,13,0
1334.0,13,0
4918.0,13,0
1441.0,13,0
2122.0,13,0
4346.0,13,0
3886.0,13,0
789.0,13,0
2092.0,13,0
1104.0,13,0
4980.0,13,0
2251.0,13,0
2609.0,13,0
2151.0,13,0
861.0,13,0
637.0,13,0
2771.0,13,0
3862.0,13,0
3574.0,13,0
3579.0,13,0
1246.0,13,0
395.0,13,0
2614.0,13,0
4607.0,13,0
5137.0,13,0
869.0,13,0
4090.0,13,0
4516.0,13,0
1381.0,13,0
4103.0,13,0
663.0,13,0
4732.0,13,0
3232.0,13,0
5150.0,13,0
3441.0,13,0
1801.0,13,0
4431.0,13,0
171.0,13,0
4874.0,13,0
3691.0,13,0
4361.0,13,0
2397.0,13,0
4957.0,13,0
2958.0,13,0
30.0,13,0
901.0,12,0
3243.0,12,0
4864.0,12,0
1177.0,12,0
4084.0,12,0
893.0,12,0
454.0,12,0
3509.0,12,0
3046.0,12,0
817.0,12,0
426.0,12,0
950.0,12,0
1498.0,12,0
3484.0,12,0
2650.0,12,0
3456.0,12,0
956.0,12,0
1822.0,12,0
1395.0,12,0
850.0,12,0
4880.0,12,0
5076.0,12,0
1467.0,12,0
47.0,12,0
2624.0,12,0
4723.0,12,0
4670.0,12,0
4312.0,12,0
1135.0,12,0
3652.0,12,0
5028.0,12,0
2875.0,12,0
441.0,12,0
3059.0,12,0
4347.0,12,0
2548.0,12,0
2824.0,12,0
1508.0,12,0
3590.0,12,0
3647.0,12,0
795.0,12,0
2227.0,12,0
3778.0,12,0
3844.0,12,0
1492.0,12,0
696.0,12,0
479.0,12,0
4488.0,12,0
1109.0,12,0
2323.0,12,0
2725.0,12,0
3249.0,12,0
768.0,12,0
2411.0,12,0
2184.0,12,0
1525.0,12,0
2133.0,12,0
1341.0,12,0
339.0,12,0
2300.0,12,0
1549.0,12,0
1979.0,12,0
4498.0,12,0
4032.0,12,0
1319.0,12,0
1673.0,12,0
1350.0,12,0
2772.0,12,0
1187.0,12,0
3444.0,12,0
3883.0,12,0
2544.0,12,0
750.0,12,0
3273.0,12,0
2310.0,12,0
3345.0,12,0
64.0,12,0
682.0,12,0
4773.0,12,0
4857.0,12,0
3366.0,12,0
4886.0,12,0
3713.0,12,0
895.0,12,0
5065.0,12,0
379.0,12,0
527.0,12,0
832.0,12,0
1547.0,12,0
4705.0,12,0
2391.0,12,0
605.0,12,0
578.0,12,0
2592.0,12,0
194.0,12,0
1618.0,12,0
3945.0,12,0
940.0,12,0
3081.0,12,0
1426.0,12,0
2289.0,12,0
407.0,12,0
1935.0,12,0
3503.0,12,0
2904.0,12,0
2832.0,12,0
2055.0,12,0
1459.0,12,0
525.0,12,0
401.0,12,0
4269.0,12,0
1853.0,12,0
1954.0,12,0
5021.0,12,0
1211.0,12,0
1038.0,12,0
90.0,12,0
1704.0,12,0
5132.0,12,0
2400.0,12,0
3349.0,12,0
3312.0,11,0
5007.0,11,0
1011.0,11,0
1569.0,11,0
3199.0,11,0
3770.0,11,0
3285.0,11,0
1291.0,11,0
4981.0,11,0
4016.0,11,0
2602.0,11,0
3705.0,11,0
2044.0,11,0
2249.0,11,0
1712.0,11,0
968.0,11,0
2331.0,11,0
408.0,11,0
643.0,11,0
3603.0,11,0
2737.0,11,0
1370.0,11,0
4541.0,11,0
2906.0,11,0
992.0,11,0
363.0,11,0
1928.0,11,0
5046.0,11,0
2491.0,11,0
3291.0,11,0
3111.0,11,0
5040.0,11,0
1497.0,11,0
954.0,11,0
3274.0,11,0
1895.0,11,0
833.0,11,0
1230.0,11,0
1911.0,11,0
843.0,11,0
1988.0,11,0
1506.0,11,0
1311.0,11,0
1491.0,11,0
3625.0,11,0
4739.0,11,0
4777.0,11,0
4756.0,11,0
28.0,11,0
2094.0,11,0
2193.0,11,0
3745.0,11,0
2327.0,11,0
4082.0,11,0
5170.0,11,0
3186.0,11,0
1806.0,11,0
2224.0,11,0
4570.0,11,0
148.0,11,0
1837.0,11,0
4484.0,11,0
2285.0,11,0
1217.0,11,0
4173.0,11,0
543.0,11,0
4332.0,11,0
1870.0,11,0
4296.0,11,0
1993.0,11,0
2136.0,11,0
2696.0,11,0
3466.0,11,0
590.0,11,0
2813.0,11,0
1457.0,11,0
4859.0,11,0
2792.0,11,0
593.0,11,0
3825.0,11,0
3636.0,11,0
1896.0,11,0
4239.0,11,0
5011.0,11,0
1781.0,11,0
5133.0,11,0
3917.0,11,0
2577.0,11,0
3293.0,11,0
2897.0,11,0
1621.0,11,0
4263.0,11,0
2840.0,11,0
2881.0,11,0
3783.0,11,0
3061.0,11,0
1958.0,11,0
2901.0,11,0
2383.0,11,0
2981.0,11,0
1321.0,11,0
1613.0,11,0
2086.0,11,0
5193.0,11,0
1447.0,11,0
4402.0,11,0
3194.0,11,0
1745.0,11,0
4006.0,11,0
3185.0,11,0
582.0,11,0
2380.0,11,0
4107.0,11,0
1413.0,11,0
2357.0,11,0
4382.0,10,0
397.0,10,0
3583.0,10,0
2097.0,10,0
1005.0,10,0
887.0,10,0
729.0,10,0
3806.0,10,0
2686.0,10,0
257.0,10,0
904.0,10,0
1827.0,10,0
2258.0,10,0
462.0,10,0
4063.0,10,0
4903.0,10,0
2072.0,10,0
4421.0,10,0
3216.0,10,0
2643.0,10,0
2523.0,10,0
3653.0,10,0
1202.0,10,0
2060.0,10,0
1692.0,10,0
1390.0,10,0
3184.0,10,0
1831.0,10,0
3277.0,10,0
2186.0,10,0
1866.0,10,0
503.0,10,0
1984.0,10,0
1489.0,10,0
5012.0,10,0
3033.0,10,0
4435.0,10,0
3158.0,10,0
229.0,10,0
773.0,10,0
5143.0,10,0
4678.0,10,0
552.0,10,0
4124.0,10,0
1742.0,10,0
2827.0,10,0
1784.0,10,0
3569.0,10,0
1494.0,10,0
1417.0,10,0
1583.0,10,0
65.0,10,0
1932.0,10,0
3805.0,10,0
606.0,10,0
4106.0,10,0
2213.0,10,0
1848.0,10,0
1946.0,10,0
2677.0,10,0
2350.0,10,0
3566.0,10,0
3852.0,10,0
375.0,10,0
1785.0,10,0
592.0,10,0
2333.0,10,0
4335.0,10,0
4425.0,10,0
3803.0,10,0
2600.0,10,0
533.0,10,0
2185.0,10,0
1772.0,10,0
2560.0,10,0
3222.0,10,0
2620.0,10,0
4523.0,10,0
1640.0,10,0
250.0,10,0
863.0,10,0
1634.0,10,0
3434.0,10,0
613.0,10,0
5095.0,10,0
1530.0,10,0
1955.0,10,0
2645.0,10,0
855.0,10,0
2863.0,10,0
4030.0,10,0
2939.0,10,0
150.0,10,0
2988.0,10,0
2951.0,10,0
1479.0,10,0
2793.0,10,0
4476.0,10,0
2082.0,10,0
2252.0,10,0
4892.0,10,0
3485.0,10,0
2096.0,10,0
4552.0,10,0
2483.0,10,0
4266.0,10,0
5030.0,10,0
2375.0,10,0
2231.0,10,0
5020.0,10,0
336.0,10,0
2091.0,10,0
4689.0,10,0
724.0,10,0
3915.0,10,0
3397.0,10,0
2935.0,10,0
1793.0,10,0
577.0,10,0
4656.0,10,0
1367.0,10,0
1883.0,10,0
2655.0,10,0
3490.0,10,0
2594.0,10,0
1064.0,10,0
3320.0,10,0
1937.0,10,0
4912.0,10,0
172.0,10,0
4547.0,10,0
2049.0,10,0
2979.0,9,0
1940.0,9,0
4776.0,9,0
4181.0,9,0
4408.0,9,0
2893.0,9,0
2052.0,9,0
2551.0,9,0
3951.0,9,0
1063.0,9,0
9.0,9,0
3501.0,9,0
2672.0,9,0
3520.0,9,0
3498.0,9,0
4008.0,9,0
4860.0,9,0
4115.0,9,0
2967.0,9,0
94.0,9,0
84.0,9,0
4861.0,9,0
52.0,9,0
3109.0,9,0
2061.0,9,0
3072.0,9,0
5129.0,9,0
3012.0,9,0
5091.0,9,0
444.0,9,0
1466.0,9,0
3413.0,9,0
4448.0,9,0
4759.0,9,0
2697.0,9,0
2679.0,9,0
4.0,9,0
934.0,9,0
4056.0,9,0
2765.0,9,0
845.0,9,0
1470.0,9,0
1340.0,9,0
368.0,9,0
2512.0,9,0
3871.0,9,0
4564.0,9,0
3104.0,9,0
3192.0,9,0
5185.0,9,0
2059.0,9,0
2536.0,9,0
4579.0,9,0
491.0,9,0
3669.0,9,0
3913.0,9,0
1201.0,9,0
3193.0,9,0
116.0,9,0
1959.0,9,0
3013.0,9,0
2736.0,9,0
1927.0,9,0
277.0,9,0
3373.0,9,0
327.0,9,0
2944.0,9,0
2200.0,9,0
4526.0,9,0
4838.0,9,0
373.0,9,0
4761.0,9,0
3763.0,9,0
266.0,9,0
2759.0,9,0
4076.0,9,0
3386.0,9,0
2033.0,9,0
853.0,9,0
3684.0,9,0
4144.0,9,0
4735.0,9,0
2647.0,9,0
1138.0,9,0
1323.0,9,0
1507.0,9,0
3588.0,9,0
1420.0,9,0
3934.0,9,0
247.0,9,0
2321.0,9,0
3388.0,9,0
4985.0,9,0
2960.0,9,0
1423.0,9,0
1944.0,9,0
1898.0,9,0
5167.0,9,0
4122.0,9,0
5052.0,9,0
398.0,9,0
4819.0,9,0
2674.0,9,0
4352.0,9,0
2214.0,9,0
2070.0,9,0
4427.0,9,0
826.0,9,0
756.0,9,0
2506.0,9,0
3381.0,9,0
60.0,9,0
68.0,9,0
2566.0,9,0
632.0,9,0
259.0,9,0
2715.0,9,0
1438.0,9,0
1379.0,9,0
3995.0,9,0
4716.0,9,0
2129.0,9,0
3048.0,9,0
3979.0,9,0
1499.0,9,0
4722.0,9,0
3396.0,9,0
3882.0,9,0
3958.0,9,0
4410.0,9,0
3416.0,9,0
679.0,9,0
1394.0,9,0
2644.0,9,0
1511.0,9,0
3170.0,9,0
3893.0,9,0
4508.0,9,0
759.0,9,0
783.0,9,0
3668.0,9,0
4396.0,9,0
3053.0,9,0
4536.0,9,0
4545.0,9,0
1553.0,9,0
4915.0,9,0
475.0,9,0
1348.0,9,0
4583.0,9,0
202.0,9,0
3288.0,9,0
1170.0,9,0
4796.0,9,0
4544.0,9,0
1815.0,9,0
2518.0,9,0
20.0,9,0
1003.0,9,0
1660.0,9,0
2115.0,9,0
2338.0,9,0
873.0,9,0
4044.0,9,0
3395.0,9,0
4249.0,8,0
2202.0,8,0
4145.0,8,0
1585.0,8,0
2541.0,8,0
3325.0,8,0
631.0,8,0
4676.0,8,0
175.0,8,0
3554.0,8,0
4910.0,8,0
1460.0,8,0
4447.0,8,0
2370.0,8,0
4758.0,8,0
1808.0,8,0
1091.0,8,0
322.0,8,0
2366.0,8,0
4250.0,8,0
1056.0,8,0
2477.0,8,0
2268.0,8,0
2101.0,8,0
3608.0,8,0
3251.0,8,0
1860.0,8,0
3932.0,8,0
4357.0,8,0
2612.0,8,0
293.0,8,0
218.0,8,0
3496.0,8,0
4934.0,8,0
2834.0,8,0
5096.0,8,0
1385.0,8,0
4279.0,8,0
4300.0,8,0
2936.0,8,0
2177.0,8,0
612.0,8,0
2819.0,8,0
4021.0,8,0
3344.0,8,0
5034.0,8,0
4733.0,8,0
1902.0,8,0
1699.0,8,0
1298.0,8,0
2243.0,8,0
3911.0,8,0
1561.0,8,0
2954.0,8,0
4546.0,8,0
4319.0,8,0
3078.0,8,0
2165.0,8,0
1052.0,8,0
3787.0,8,0
3822.0,8,0
3271.0,8,0
626.0,8,0
2359.0,8,0
2946.0,8,0
3209.0,8,0
3773.0,8,0
4081.0,8,0
1182.0,8,0
3310.0,8,0
4962.0,8,0
3063.0,8,0
4055.0,8,0
5094.0,8,0
2868.0,8,0
3439.0,8,0
3038.0,8,0
246.0,8,0
2241.0,8,0
4852.0,8,0
1272.0,8,0
1666.0,8,0
4439.0,8,0
3811.0,8,0
390.0,8,0
2823.0,8,0
1383.0,8,0
2996.0,8,0
2657.0,8,0
4432.0,8,0
1679.0,8,0
3638.0,8,0
2820.0,8,0
446.0,8,0
2275.0,8,0
5192.0,8,0
255.0,8,0
2303.0,8,0
980.0,8,0
4483.0,8,0
2030.0,8,0
2157.0,8,0
2143.0,8,0
55.0,8,0
4268.0,8,0
3568.0,8,0
4039.0,8,0
1112.0,8,0
2302.0,8,0
4964.0,8,0
4490.0,8,0
3299.0,8,0
2083.0,8,0
4966.0,8,0
4495.0,8,0
3130.0,8,0
63.0,8,0
3744.0,8,0
261.0,8,0
76.0,8,0
4066.0,8,0
4577.0,8,0
1875.0,8,0
4133.0,8,0
4304.0,8,0
2543.0,8,0
542.0,8,0
878.0,8,0
2384.0,8,0
958.0,8,0
3328.0,8,0
4141.0,8,0
4975.0,8,0
1520.0,8,0
5061.0,8,0
2426.0,8,0
46.0,8,0
4538.0,8,0
938.0,8,0
1943.0,8,0
4149.0,8,0
806.0,8,0
725.0,8,0
1908.0,7,0
33.0,7,0
2363.0,7,0
4535.0,7,0
851.0,7,0
296.0,7,0
4593.0,7,0
467.0,7,0
3741.0,7,0
1987.0,7,0
356.0,7,0
3889.0,7,0
1730.0,7,0
1809.0,7,0
1087.0,7,0
1850.0,7,0
1169.0,7,0
4539.0,7,0
1205.0,7,0
92.0,7,0
771.0,7,0
231.0,7,0
3362.0,7,0
4639.0,7,0
4518.0,7,0
429.0,7,0
1188.0,7,0
3954.0,7,0
4728.0,7,0
749.0,7,0
3457.0,7,0
3382.0,7,0
11.0,7,0
2053.0,7,0
1416.0,7,0
1859.0,7,0
3314.0,7,0
1904.0,7,0
1841.0,7,0
190.0,7,0
357.0,7,0
3005.0,7,0
4640.0,7,0
328.0,7,0
1355.0,7,0
4328.0,7,0
1586.0,7,0
1717.0,7,0
2025.0,7,0
2085.0,7,0
2486.0,7,0
2005.0,7,0
318.0,7,0
1626.0,7,0
1072.0,7,0
695.0,7,0
2373.0,7,0
2919.0,7,0
350.0,7,0
1570.0,7,0
743.0,7,0
4843.0,7,0
625.0,7,0
1212.0,7,0
989.0,7,0
4049.0,7,0
3057.0,7,0
4895.0,7,0
2493.0,7,0
3962.0,7,0
3302.0,7,0
5190.0,7,0
4162.0,7,0
2847.0,7,0
4836.0,7,0
2007.0,7,0
3914.0,7,0
644.0,7,0
2649.0,7,0
1719.0,7,0
2799.0,7,0
4101.0,7,0
5115.0,7,0
3841.0,7,0
2394.0,7,0
1662.0,7,0
807.0,7,0
5165.0,7,0
217.0,7,0
2941.0,7,0
111.0,7,0
779.0,7,0
3997.0,7,0
2770.0,7,0
1157.0,7,0
1655.0,7,0
3547.0,7,0
3952.0,7,0
897.0,7,0
2933.0,7,0
359.0,7,0
4102.0,7,0
1877.0,7,0
3182.0,7,0
3448.0,7,0
2021.0,7,0
3707.0,7,0
4875.0,7,0
2843.0,7,0
2576.0,7,0
800.0,7,0
4191.0,7,0
1528.0,7,0
2220.0,7,0
4706.0,7,0
254.0,7,0
2150.0,7,0
839.0,7,0
273.0,7,0
3545.0,7,0
396.0,7,0
4164.0,7,0
4481.0,7,0
1209.0,7,0
3621.0,7,0
313.0,7,0
1537.0,7,0
864.0,7,0
121.0,7,0
3895.0,7,0
2472.0,7,0
1473.0,7,0
5043.0,7,0
4209.0,7,0
3431.0,7,0
2307.0,7,0
4948.0,7,0
1535.0,7,0
916.0,7,0
1741.0,7,0
4275.0,7,0
2895.0,7,0
2842.0,7,0
4765.0,7,0
2818.0,7,0
4661.0,7,0
4400.0,7,0
3339.0,7,0
1254.0,7,0
3464.0,7,0
2882.0,7,0
2667.0,7,0
829.0,7,0
2417.0,7,0
2489.0,7,0
2450.0,7,0
3219.0,7,0
2164.0,7,0
3324.0,7,0
3178.0,7,0
4277.0,7,0
2114.0,7,0
3497.0,7,0
2734.0,7,0
3533.0,7,0
1713.0,7,0
2528.0,7,0
3487.0,7,0
1538.0,7,0
4064.0,7,0
1488.0,7,0
1353.0,7,0
2753.0,6,0
2605.0,6,0
3134.0,6,0
3870.0,6,0
4362.0,6,0
4426.0,6,0
733.0,6,0
744.0,6,0
1373.0,6,0
2621.0,6,0
665.0,6,0
2571.0,6,0
3117.0,6,0
842.0,6,0
2598.0,6,0
2837.0,6,0
4129.0,6,0
2796.0,6,0
1178.0,6,0
484.0,6,0
3009.0,6,0
4719.0,6,0
4783.0,6,0
3878.0,6,0
673.0,6,0
681.0,6,0
2972.0,6,0
5089.0,6,0
3383.0,6,0
3477.0,6,0
4226.0,6,0
4724.0,6,0
2749.0,6,0
4900.0,6,0
599.0,6,0
2855.0,6,0
4660.0,6,0
4751.0,6,0
4000.0,6,0
2389.0,6,0
129.0,6,0
1706.0,6,0
2789.0,6,0
4628.0,6,0
2374.0,6,0
994.0,6,0
685.0,6,0
2874.0,6,0
2515.0,6,0
3297.0,6,0
3614.0,6,0
2825.0,6,0
1564.0,6,0
1369.0,6,0
3611.0,6,0
69.0,6,0
173.0,6,0
3210.0,6,0
2828.0,6,0
3356.0,6,0
4833.0,6,0
80.0,6,0
2106.0,6,0
4725.0,6,0
2023.0,6,0
2727.0,6,0
371.0,6,0
3909.0,6,0
4414.0,6,0
548.0,6,0
5029.0,6,0
1429.0,6,0
4829.0,6,0
2494.0,6,0
305.0,6,0
325.0,6,0
1786.0,6,0
4336.0,6,0
4151.0,6,0
1995.0,6,0
37.0,6,0
1375.0,6,0
1623.0,6,0
387.0,6,0
2669.0,6,0
4868.0,6,0
1316.0,6,0
880.0,6,0
2312.0,6,0
650.0,6,0
1593.0,6,0
3055.0,6,0
3115.0,6,0
2399.0,6,0
3933.0,6,0
35.0,6,0
4712.0,6,0
3715.0,6,0
4920.0,6,0
4270.0,6,0
4243.0,6,0
1696.0,6,0
949.0,6,0
3183.0,6,0
1695.0,6,0
4817.0,6,0
4608.0,6,0
2742.0,6,0
1643.0,6,0
1736.0,6,0
4349.0,6,0
1950.0,6,0
2798.0,6,0
4333.0,6,0
4287.0,6,0
3681.0,6,0
1164.0,6,0
1237.0,6,0
4652.0,6,0
700.0,6,0
278.0,6,0
2610.0,6,0
5123.0,6,0
951.0,6,0
4873.0,6,0
4634.0,6,0
4597.0,6,0
3535.0,6,0
36.0,6,0
595.0,6,0
5023.0,6,0
2558.0,6,0
3076.0,6,0
5161.0,6,0
3977.0,6,0
4811.0,6,0
5130.0,6,0
3733.0,6,0
1591.0,6,0
382.0,6,0
3922.0,6,0
3957.0,6,0
1243.0,6,0
3348.0,6,0
3369.0,6,0
1879.0,6,0
1800.0,6,0
464.0,6,0
953.0,6,0
1720.0,6,0
1487.0,6,0
4942.0,6,0
558.0,6,0
1967.0,6,0
2969.0,6,0
874.0,6,0
5176.0,6,0
3694.0,6,0
2678.0,6,0
3421.0,6,0
3972.0,6,0
2826.0,6,0
730.0,5,0
319.0,5,0
212.0,5,0
4837.0,5,0
3567.0,5,0
1567.0,5,0
1422.0,5,0
2634.0,5,0
2755.0,5,0
3060.0,5,0
597.0,5,0
1771.0,5,0
3418.0,5,0
1180.0,5,0
226.0,5,0
1306.0,5,0
4456.0,5,0
2263.0,5,0
3469.0,5,0
2041.0,5,0
3600.0,5,0
1972.0,5,0
3282.0,5,0
2680.0,5,0
849.0,5,0
642.0,5,0
4183.0,5,0
2907.0,5,0
2199.0,5,0
1697.0,5,0
3263.0,5,0
1615.0,5,0
3080.0,5,0
2232.0,5,0
381.0,5,0
1192.0,5,0
4230.0,5,0
2464.0,5,0
238.0,5,0
1236.0,5,0
1418.0,5,0
4825.0,5,0
3124.0,5,0
3704.0,5,0
766.0,5,0
2641.0,5,0
4550.0,5,0
3960.0,5,0
3925.0,5,0
2746.0,5,0
852.0,5,0
2675.0,5,0
2795.0,5,0
1552.0,5,0
2343.0,5,0
4159.0,5,0
1924.0,5,0
1325.0,5,0
1031.0,5,0
3404.0,5,0
3996.0,5,0
4356.0,5,0
142.0,5,0
3355.0,5,0
2431.0,5,0
2695.0,5,0
567.0,5,0
1680.0,5,0
3969.0,5,0
2069.0,5,0
3225.0,5,0
1326.0,5,0
3635.0,5,0
164.0,5,0
3248.0,5,0
1116.0,5,0
5104.0,5,0
570.0,5,0
188.0,5,0
1078.0,5,0
4420.0,5,0
847.0,5,0
1221.0,5,0
3068.0,5,0
10.0,5,0
4799.0,5,0
5182.0,5,0
5035.0,5,0
2272.0,5,0
965.0,5,0
4605.0,5,0
203.0,5,0
4308.0,5,0
1307.0,5,0
2710.0,5,0
3849.0,5,0
608.0,5,0
1327.0,5,0
1454.0,5,0
3619.0,5,0
3113.0,5,0
48.0,5,0
1088.0,5,0
5026.0,5,0
3106.0,5,0
2322.0,5,0
4752.0,5,0
3593.0,5,0
4416.0,5,0
2393.0,5,0
4584.0,5,0
4337.0,5,0
4813.0,5,0
4968.0,5,0
2043.0,5,0
722.0,5,0
2902.0,5,0
1536.0,5,0
3098.0,5,0
1566.0,5,0
321.0,5,0
3502.0,5,0
3075.0,5,0
2105.0,5,0
236.0,5,0
1751.0,5,0
329.0,5,0
3189.0,5,0
4385.0,5,0
3828.0,5,0
519.0,5,0
3231.0,5,0
3235.0,5,0
466.0,5,0
1921.0,5,0
1275.0,5,0
2125.0,5,0
4297.0,5,0
5189.0,5,0
2890.0,5,0
221.0,5,0
2735.0,5,0
1034.0,5,0
4375.0,5,0
1700.0,5,0
427.0,5,0
3570.0,5,0
4244.0,5,0
3171.0,5,0
348.0,5,0
3639.0,5,0
705.0,5,0
2432.0,5,0
4298.0,5,0
4923.0,5,0
442.0,5,0
4946.0,5,0
2839.0,5,0
1128.0,5,0
797.0,5,0
3019.0,5,0
1382.0,5,0
1085.0,5,0
2741.0,5,0
821.0,5,0
4943.0,5,0
3613.0,5,0
808.0,5,0
3387.0,5,0
2810.0,5,0
579.0,5,0
5055.0,5,0
4624.0,4,0
1070.0,4,0
5070.0,4,0
5111.0,4,0
2046.0,4,0
1657.0,4,0
3864.0,4,0
1349.0,4,0
3772.0,4,0
3414.0,4,0
4438.0,4,0
2103.0,4,0
3118.0,4,0
2542.0,4,0
2110.0,4,0
3562.0,4,0
4175.0,4,0
4534.0,4,0
489.0,4,0
3842.0,4,0
917.0,4,0
2682.0,4,0
3616.0,4,0
918.0,4,0
3764.0,4,0
683.0,4,0
1737.0,4,0
3974.0,4,0
1421.0,4,0
5092.0,4,0
674.0,4,0
2182.0,4,0
4156.0,4,0
982.0,4,0
3601.0,4,0
1073.0,4,0
798.0,4,0
2279.0,4,0
1270.0,4,0
4740.0,4,0
3826.0,4,0
392.0,4,0
1115.0,4,0
4785.0,4,0
3730.0,4,0
24.0,4,0
4353.0,4,0
3555.0,4,0
355.0,4,0
4444.0,4,0
3950.0,4,0
2743.0,4,0
2816.0,4,0
3824.0,4,0
4984.0,4,0
3989.0,4,0
1871.0,4,0
1409.0,4,0
3843.0,4,0
1047.0,4,0
1840.0,4,0
3791.0,4,0
4529.0,4,0
2087.0,4,0
4844.0,4,0
3157.0,4,0
443.0,4,0
1960.0,4,0
143.0,4,0
1539.0,4,0
1992.0,4,0
342.0,4,0
5134.0,4,0
1241.0,4,0
5024.0,4,0
324.0,4,0
4586.0,4,0
1289.0,4,0
4822.0,4,0
2175.0,4,0
3988.0,4,0
4126.0,4,0
1431.0,4,0
820.0,4,0
3521.0,4,0
5163.0,4,0
3863.0,4,0
3752.0,4,0
1352.0,4,0
2235.0,4,0
3987.0,4,0
423.0,4,0
1933.0,4,0
4487.0,4,0
1119.0,4,0
3322.0,4,0
4525.0,4,0
506.0,4,0
2980.0,4,0
1249.0,4,0
4260.0,4,0
2802.0,4,0
5155.0,4,0
3941.0,4,0
239.0,4,0
1779.0,4,0
3151.0,4,0
1419.0,4,0
1598.0,4,0
4977.0,4,0
191.0,4,0
4940.0,4,0
831.0,4,0
62.0,4,0
4047.0,4,0
5014.0,4,0
5103.0,4,0
5113.0,4,0
4694.0,4,0
4343.0,4,0
4190.0,4,0
624.0,4,0
822.0,3,0
1810.0,3,0
1335.0,3,0
1043.0,3,0
4768.0,3,0
3359.0,3,0
3776.0,3,0
697.0,3,0
3538.0,3,0
4314.0,3,0
1184.0,3,0
3551.0,3,0
3587.0,3,0
386.0,3,0
4147.0,3,0
1884.0,3,0
1317.0,3,0
3696.0,3,0
4026.0,3,0
1093.0,3,0
2925.0,3,0
4370.0,3,0
413.0,3,0
3630.0,3,0
2886.0,3,0
516.0,3,0
520.0,3,0
251.0,3,0
2443.0,3,0
3470.0,3,0
636.0,3,0
737.0,3,0
1803.0,3,0
2076.0,3,0
1605.0,3,0
1531.0,3,0
4983.0,3,0
4919.0,3,0
123.0,3,0
315.0,3,0
535.0,3,0
82.0,3,0
152.0,3,0
4224.0,3,0
668.0,3,0
888.0,3,0
866.0,3,0
1183.0,3,0
74.0,3,0
34.0,3,0
4856.0,3,0
6.0,3,0
2559.0,3,0
3226.0,3,0
4590.0,3,0
4788.0,3,0
2922.0,3,0
2194.0,3,0
553.0,3,0
4136.0,3,0
3814.0,3,0
1975.0,3,0
1796.0,3,0
4987.0,3,0
2145.0,3,0
4986.0,3,0
1273.0,3,0
3525.0,3,0
3426.0,3,0
4612.0,3,0
1624.0,3,0
2288.0,3,0
963.0,3,0
502.0,3,0
3632.0,3,0
3468.0,3,0
27.0,3,0
923.0,3,0
1766.0,3,0
3809.0,3,0
4463.0,3,0
2089.0,3,0
3959.0,3,0
279.0,3,0
3680.0,3,0
4293.0,3,0
3126.0,3,0
4050.0,3,0
3447.0,3,0
3541.0,3,0
4154.0,3,0
1545.0,3,0
2938.0,3,0
41.0,3,0
4251.0,3,0
2439.0,3,0
5121.0,3,0
147.0,3,0
481.0,3,0
4355.0,3,0
1708.0,3,0
5069.0,3,0
581.0,3,0
1002.0,3,0
170.0,3,0
177.0,3,0
3785.0,3,0
404.0,3,0
3375.0,3,0
1251.0,3,0
975.0,3,0
687.0,3,0
4485.0,3,0
4199.0,3,0
1986.0,3,0
3103.0,3,0
3286.0,3,0
4823.0,3,0
3607.0,2,0
1607.0,2,0
1523.0,2,0
3107.0,2,0
1125.0,2,0
4182.0,2,0
3400.0,2,0
1476.0,2,0
4767.0,2,0
4272.0,2,0
2.0,2,0
3281.0,2,0
1324.0,2,0
2658.0,2,0
2739.0,2,0
922.0,2,0
4530.0,2,0
130.0,2,0
629.0,2,0
3692.0,2,0
1555.0,2,0
83.0,2,0
728.0,2,0
2950.0,2,0
1709.0,2,0
4876.0,2,0
5039.0,2,0
3315.0,2,0
758.0,2,0
2206.0,2,0
1315.0,2,0
972.0,2,0
2016.0,2,0
1172.0,2,0
4896.0,2,0
2236.0,2,0
802.0,2,0
3149.0,2,0
4114.0,2,0
1181.0,2,0
2533.0,2,0
4265.0,2,0
2065.0,2,0
1346.0,2,0
2012.0,2,0
3761.0,2,0
4100.0,2,0
2138.0,2,0
1845.0,2,0
3966.0,2,0
2283.0,2,0
3296.0,2,0
3858.0,2,0
2255.0,2,0
2173.0,2,0
4510.0,2,0
708.0,2,0
291.0,2,0
1611.0,2,0
2495.0,2,0
411.0,2,0
2351.0,2,0
2511.0,2,0
776.0,2,0
2172.0,2,0
634.0,2,0
2959.0,2,0
5102.0,2,0
4870.0,2,0
1253.0,2,0
2758.0,2,0
2656.0,2,0
555.0,2,0
3409.0,2,0
4440.0,2,0
5056.0,2,0
2838.0,2,0
8.0,2,0
3343.0,2,0
3459.0,2,0
1698.0,2,0
207.0,2,0
840.0,2,0
4993.0,2,0
4888.0,2,0
5118.0,2,0
1299.0,2,0
81.0,2,0
4519.0,2,0
2291.0,1,0
214.0,1,0
4599.0,1,0
1066.0,1,0
924.0,1,0
107.0,1,0
3289.0,1,0
2352.0,1,0
2502.0,1,0
282.0,1,0
2817.0,1,0
1297.0,1,0
3747.0,1,0
1167.0,1,0
2445.0,1,0
2163.0,1,0
4167.0,1,0
884.0,1,0
3634.0,1,0
3024.0,1,0
3376.0,1,0
3868.0,1,0
2332.0,1,0
3675.0,1,0
4653.0,1,0
2586.0,1,0
3364.0,1,0
252.0,1,0
2705.0,1,0
2717.0,1,0
2436.0,1,0
127.0,1,0
288.0,1,0
4540.0,1,0
42.0,1,0
1516.0,1,0
4625.0,1,0
3298.0,1,0
1015.0,1,0
485.0,1,0
2281.0,1,0
3475.0,1,0
124.0,1,0
1824.0,1,0
1061.0,1,0
4338.0,1,0
990.0,1,0
1380.0,1,0
936.0,1,0
1821.0,1,0
5169.0,1,0
4827.0,1,0
2278.0,1,0
