Cliente ID,Total Gastado (CLP),Cluster
1.0,156520.0,0
2.0,10480.0,0
3.0,1182180.0,0
4.0,340370.0,0
5.0,889700.0,0
6.0,167970.0,0
7.0,221060.0,0
8.0,159604.0,0
9.0,161910.0,0
10.0,90550.0,0
11.0,320600.0,0
12.0,1053390.0,0
13.0,579430.0,0
14.0,12187782.59,2
15.0,287100.0,0
16.0,1545320.0,0
17.0,3131850.0,1
18.0,829080.0,0
19.0,1137030.0,0
20.0,152910.0,0
21.0,2587420.0,1
22.0,963240.0,0
24.0,78840.0,0
25.0,4131950.0,1
26.0,2304260.0,1
27.0,164970.0,0
28.0,336790.0,0
30.0,257870.0,0
31.0,1093090.0,0
32.0,3537380.0,1
33.0,671860.0,0
34.0,26970.0,0
35.0,110940.0,0
36.0,31430.0,0
37.0,177300.0,0
38.0,468300.0,0
39.0,818200.0,0
40.0,4626030.0,1
41.0,85440.0,0
42.0,1900.0,0
43.0,963450.0,0
44.0,503130.0,0
45.0,396740.0,0
46.0,127920.0,0
47.0,258840.0,0
48.0,212400.0,0
49.0,970940.0,0
50.0,1176810.0,0
51.0,569950.0,0
52.0,179810.0,0
53.0,724710.0,0
54.0,2161300.0,1
55.0,60800.0,0
56.0,2814990.0,1
57.0,9157760.0,2
58.0,540000.0,0
59.0,643800.0,0
60.0,815220.0,0
61.0,793880.0,0
62.0,7600.0,0
63.0,175200.0,0
64.0,1060980.0,0
65.0,175400.0,0
66.0,1153820.0,0
67.0,644510.0,0
68.0,224910.0,0
69.0,287940.0,0
70.0,2425020.0,1
71.0,1074400.0,0
73.0,856110.0,0
74.0,50970.0,0
76.0,195940.0,0
77.0,159680.0,0
78.0,1463740.0,0
79.0,1567260.0,0
80.0,227880.0,0
81.0,63960.0,0
82.0,48960.0,0
83.0,39420.0,0
84.0,350100.0,0
85.0,5071540.42,1
86.0,775360.0,0
87.0,2030060.0,1
89.0,716410.0,0
90.0,1083610.0,0
91.0,1924480.0,1
92.0,97300.0,0
93.0,1034970.0,0
94.0,723612.0,0
95.0,199750.0,0
98.0,281280.0,0
99.0,563750.0,0
100.0,367540.0,0
101.0,275980.0,0
102.0,1140280.0,0
103.0,830900.0,0
104.0,899640.0,0
105.0,8249640.0,2
107.0,54390.0,0
108.0,2455400.0,1
109.0,1525200.0,0
111.0,535930.0,0
112.0,211900.0,0
113.0,1863510.0,0
114.0,305590.0,0
115.0,1414640.0,0
116.0,709560.0,0
117.0,1439140.0,0
118.0,175560.0,0
120.0,1083750.0,0
121.0,712600.0,0
122.0,723780.0,0
123.0,188970.0,0
124.0,61660.0,0
125.0,17094162.71,2
127.0,2330.0,0
128.0,41980.0,0
129.0,110940.0,0
130.0,32640.0,0
132.0,818060.0,0
134.0,1195470.0,0
135.0,395160.0,0
136.0,347300.0,0
138.0,4402180.0,1
140.0,2790600.0,1
141.0,853640.0,0
142.0,854100.0,0
143.0,86280.0,0
144.0,5143160.0,1
146.0,427810.0,0
147.0,233070.0,0
148.0,496980.0,0
150.0,409450.0,0
152.0,88650.0,0
153.0,1507490.0,0
154.0,406630.0,0
155.0,311480.0,0
156.0,316250.0,0
157.0,615610.0,0
158.0,3629230.0,1
159.0,773090.0,0
160.0,791060.0,0
161.0,1939030.0,1
163.0,2332440.0,1
164.0,339650.0,0
165.0,703360.0,0
166.0,3545420.0,1
167.0,4898400.0,1
168.0,337920.0,0
169.0,585580.0,0
170.0,50970.0,0
171.0,202920.0,0
172.0,639900.0,0
173.0,377940.0,0
174.0,1149540.0,0
175.0,767760.0,0
176.0,1825480.0,0
177.0,170910.0,0
178.0,687060.0,0
180.0,2858570.0,1
181.0,689240.0,0
182.0,1599360.0,0
183.0,251720.0,0
185.0,1347370.0,0
186.0,2024550.0,1
187.0,1970840.0,1
188.0,98550.0,0
189.0,65660.0,0
190.0,632920.0,0
191.0,75960.0,0
192.0,588690.0,0
193.0,478440.0,0
194.0,231100.0,0
195.0,359630.0,0
196.0,195720.0,0
197.0,1763510.0,0
198.0,1667190.0,0
200.0,4701900.0,1
201.0,307560.0,0
202.0,206100.0,0
203.0,84950.0,0
204.0,1560990.0,0
206.0,2811610.0,1
207.0,37980.0,0
208.0,5921060.0,1
209.0,1274490.0,0
210.0,678420.0,0
211.0,1042300.0,0
212.0,132450.0,0
214.0,89990.0,0
216.0,2243170.0,1
217.0,15400.0,0
218.0,290960.0,0
219.0,269580.0,0
220.0,305660.0,0
221.0,247500.0,0
222.0,70050.0,0
223.0,11752172.51,2
224.0,910500.0,0
225.0,1671000.0,0
226.0,649800.0,0
227.0,428310.0,0
228.0,349560.0,0
229.0,121500.0,0
230.0,129740.0,0
231.0,168930.0,0
232.0,860470.0,0
233.0,3007040.0,1
234.0,656730.0,0
235.0,2173050.0,1
236.0,32500.0,0
237.0,743070.0,0
238.0,105900.0,0
239.0,159604.0,0
240.0,543660.0,0
241.0,553960.0,0
242.0,955710.0,0
243.0,174580.0,0
244.0,958960.0,0
246.0,399840.0,0
247.0,284910.0,0
248.0,647220.0,0
249.0,507180.0,0
250.0,2826000.0,1
251.0,5700.0,0
252.0,53990.0,0
253.0,4277380.0,1
254.0,125860.0,0
255.0,555920.0,0
256.0,1553820.0,0
257.0,255060.0,0
258.0,1472480.0,0
259.0,440100.0,0
260.0,285210.0,0
261.0,447920.0,0
263.0,741700.0,0
264.0,1001080.0,0
265.0,524450.0,0
266.0,414104.0,0
267.0,2649480.0,1
268.0,39600.0,0
269.0,339740.0,0
270.0,3302820.0,1
271.0,168970.0,0
272.0,504040.0,0
273.0,297360.0,0
274.0,4227780.0,1
275.0,637430.0,0
276.0,706670.0,0
277.0,17960.0,0
278.0,11400.0,0
279.0,48960.0,0
280.0,1679440.0,0
281.0,2430350.0,1
282.0,379980.0,0
283.0,3030150.0,1
284.0,662520.0,0
285.0,263100.0,0
286.0,98490.0,0
287.0,1217190.0,0
288.0,8990.0,0
289.0,1075480.0,0
290.0,265620.0,0
291.0,559960.0,0
292.0,4523010.0,1
293.0,44720.0,0
294.0,503550.0,0
295.0,13385773.1,2
296.0,25200.0,0
297.0,5233550.0,1
298.0,924630.0,0
300.0,819510.0,0
301.0,1394690.0,0
303.0,227050.0,0
304.0,1512440.0,0
305.0,326340.0,0
307.0,1547340.0,0
308.0,8407811.56,2
309.0,2041120.0,1
310.0,1199370.0,0
311.0,432190.0,0
312.0,4119700.0,1
313.0,322280.0,0
314.0,9841940.0,2
315.0,127440.0,0
316.0,298040.0,0
318.0,282780.0,0
319.0,359850.0,0
321.0,839850.0,0
322.0,112600.0,0
323.0,1799720.0,0
324.0,67960.0,0
325.0,539880.0,0
326.0,5425550.0,1
327.0,575820.0,0
328.0,114240.0,0
329.0,629900.0,0
330.0,733880.0,0
331.0,104790.0,0
332.0,671580.0,0
333.0,2106510.0,1
334.0,284460.0,0
335.0,5699850.0,1
336.0,22000.0,0
337.0,521710.0,0
339.0,519840.0,0
340.0,613710.0,0
341.0,2899570.0,1
342.0,73160.0,0
343.0,782680.0,0
345.0,351080.0,0
346.0,1949100.0,1
347.0,1619550.0,0
348.0,244500.0,0
349.0,206770.0,0
350.0,475510.0,0
351.0,2945670.0,1
352.0,1889300.0,0
353.0,528770.0,0
354.0,1217170.0,0
355.0,391200.0,0
356.0,256060.0,0
357.0,398790.0,0
358.0,326830.0,0
359.0,275940.0,0
360.0,257530.0,0
361.0,1482280.0,0
362.0,1367620.0,0
363.0,421250.0,0
364.0,375060.0,0
365.0,270560.0,0
366.0,623760.0,0
367.0,179800.0,0
368.0,120960.0,0
369.0,2114530.0,1
370.0,727640.0,0
371.0,24160.0,0
372.0,366820.0,0
373.0,382320.0,0
374.0,623870.0,0
375.0,1052000.0,0
376.0,1372640.0,0
377.0,569070.0,0
378.0,5735190.3,1
379.0,107880.0,0
380.0,605300.0,0
381.0,24950.0,0
382.0,1133820.0,0
383.0,84400.0,0
384.0,95760.0,0
385.0,166470.0,0
386.0,6990.0,0
387.0,1175220.0,0
388.0,13517550.0,2
389.0,3905380.0,1
390.0,362320.0,0
392.0,251960.0,0
393.0,134730.0,0
394.0,736610.0,0
395.0,128100.0,0
396.0,94320.0,0
397.0,1485000.0,0
398.0,296340.0,0
399.0,447690.0,0
400.0,1204290.0,0
401.0,758440.0,0
402.0,4065420.0,1
403.0,399260.0,0
404.0,48960.0,0
405.0,695690.0,0
406.0,1513240.0,0
407.0,755880.0,0
408.0,311890.0,0
409.0,892310.0,0
410.0,9015481.03,2
411.0,119980.0,0
413.0,50970.0,0
414.0,2069540.0,1
415.0,2959330.0,1
416.0,999660.0,0
418.0,249300.0,0
419.0,1124690.0,0
420.0,390940.0,0
421.0,1787470.0,0
422.0,156520.0,0
423.0,179800.0,0
424.0,4681710.0,1
425.0,839600.0,0
426.0,250806.0,0
427.0,284950.0,0
429.0,251930.0,0
430.0,758670.0,0
431.0,175560.0,0
433.0,1646370.0,0
434.0,119800.0,0
435.0,772020.0,0
436.0,368460.0,0
437.0,911620.0,0
438.0,783760.0,0
439.0,1343520.0,0
441.0,342880.0,0
442.0,412050.0,0
443.0,7600.0,0
444.0,512910.0,0
446.0,111200.0,0
447.0,557600.0,0
448.0,1778320.0,0
449.0,425400.0,0
450.0,18598344.6,2
451.0,771800.0,0
453.0,841840.0,0
454.0,230480.0,0
455.0,14190221.03,2
456.0,2025830.0,1
457.0,696590.0,0
459.0,779600.0,0
460.0,2498080.0,1
461.0,1245360.0,0
462.0,495000.0,0
463.0,913600.0,0
464.0,184980.0,0
465.0,339660.0,0
466.0,19000.0,0
467.0,326620.0,0
468.0,3665790.0,1
469.0,225660.0,0
470.0,3407590.0,1
471.0,3419380.0,1
472.0,103800.0,0
473.0,791210.0,0
474.0,5819910.0,1
475.0,184230.0,0
476.0,547710.0,0
477.0,3166380.0,1
478.0,189620.0,0
479.0,574560.0,0
480.0,366760.0,0
481.0,65700.0,0
482.0,761116.0,0
483.0,5300500.0,1
484.0,203880.0,0
485.0,2200.0,0
486.0,375680.0,0
487.0,3749880.84,1
488.0,322230.0,0
489.0,55600.0,0
490.0,1428790.0,0
491.0,649810.0,0
492.0,545740.0,0
493.0,4265230.0,1
494.0,291390.0,0
495.0,2159520.0,1
496.0,10575482.81,2
497.0,1035000.0,0
498.0,891060.0,0
499.0,1420940.0,0
500.0,181740.0,0
502.0,101940.0,0
503.0,406100.0,0
504.0,329670.0,0
505.0,514070.0,0
506.0,7760.0,0
507.0,1511550.0,0
508.0,226004.0,0
509.0,706680.0,0
510.0,1102290.0,0
511.0,1089710.0,0
512.0,263670.0,0
513.0,974270.0,0
514.0,1755290.0,0
515.0,865850.0,0
516.0,19500.0,0
518.0,547020.0,0
519.0,84950.0,0
520.0,109110.0,0
521.0,493740.0,0
522.0,981240.0,0
523.0,1291802.0,0
524.0,683560.0,0
525.0,1223640.0,0
526.0,356840.0,0
527.0,459760.0,0
528.0,148770.0,0
529.0,534630.0,0
530.0,1835490.0,0
531.0,731363.0,0
532.0,2278260.0,1
533.0,19000.0,0
534.0,1057935.0,0
535.0,61530.0,0
536.0,224750.0,0
537.0,1705570.0,0
538.0,1210920.0,0
539.0,185360.0,0
540.0,167580.0,0
542.0,263760.0,0
543.0,494890.0,0
544.0,863460.0,0
545.0,1619550.0,0
546.0,1196710.0,0
547.0,263760.0,0
548.0,170880.0,0
550.0,532310.0,0
551.0,3635320.0,1
552.0,175400.0,0
553.0,5700.0,0
555.0,37980.0,0
556.0,779860.0,0
558.0,80640.0,0
559.0,541800.0,0
560.0,203670.0,0
561.0,679660.0,0
562.0,841080.0,0
563.0,14645982.49,2
564.0,3482910.0,1
565.0,647550.0,0
566.0,1025160.0,0
567.0,89950.0,0
568.0,1137560.0,0
569.0,384860.0,0
570.0,239850.0,0
571.0,495690.0,0
572.0,3234000.0,1
573.0,830710.0,0
574.0,672130.0,0
575.0,1299480.0,0
576.0,9504910.0,2
577.0,639900.0,0
578.0,228180.0,0
579.0,55900.0,0
580.0,1343470.0,0
581.0,5700.0,0
582.0,20900.0,0
583.0,1260770.0,0
584.0,867480.0,0
585.0,1876950.0,0
586.0,701730.0,0
587.0,1017780.0,0
588.0,536860.0,0
589.0,424120.0,0
590.0,449900.0,0
591.0,673620.0,0
592.0,409000.0,0
593.0,615890.0,0
594.0,4175340.0,1
595.0,279960.0,0
596.0,846610.0,0
597.0,11000.0,0
598.0,804910.0,0
599.0,123060.0,0
600.0,162110.0,0
601.0,1111740.0,0
603.0,476800.0,0
604.0,373780.0,0
605.0,213360.0,0
606.0,163810.0,0
607.0,2509180.0,1
608.0,163200.0,0
609.0,2186520.0,1
611.0,151810.0,0
612.0,199920.0,0
613.0,279900.0,0
614.0,580680.0,0
615.0,1831160.0,0
616.0,647640.0,0
617.0,918490.0,0
618.0,31970.0,0
619.0,1011500.0,0
620.0,471860.0,0
621.0,1485410.0,0
623.0,3969020.0,1
624.0,7600.0,0
625.0,132930.0,0
626.0,455680.0,0
627.0,13550450.0,2
628.0,906310.0,0
629.0,58000.0,0
630.0,192740.0,0
631.0,107100.0,0
632.0,824400.0,0
633.0,1271100.0,0
634.0,135920.0,0
635.0,699240.0,0
636.0,27660.0,0
637.0,207870.0,0
638.0,2015440.0,1
639.0,61990.0,0
640.0,260410.0,0
641.0,985650.0,0
642.0,10790.0,0
643.0,27830.0,0
644.0,57330.0,0
645.0,1597780.0,0
646.0,337320.0,0
648.0,581150.0,0
649.0,199750.0,0
650.0,131580.0,0
652.0,228580.0,0
653.0,106210.0,0
654.0,2449780.0,1
657.0,8249620.0,2
658.0,795100.0,0
659.0,777870.0,0
660.0,759600.0,0
661.0,2776650.4,1
662.0,756340.0,0
663.0,485550.0,0
665.0,293400.0,0
666.0,1183510.0,0
667.0,2815120.0,1
668.0,6990.0,0
669.0,7091882.5,2
670.0,399750.0,0
672.0,5391210.0,1
673.0,335940.0,0
674.0,35960.0,0
675.0,712690.0,0
676.0,433380.0,0
677.0,4221800.0,1
678.0,1774290.0,0
679.0,407610.0,0
680.0,173710.0,0
681.0,263940.0,0
682.0,215880.0,0
683.0,251960.0,0
684.0,806700.0,0
685.0,53940.0,0
686.0,351680.0,0
687.0,59130.0,0
688.0,283400.0,0
689.0,921480.0,0
690.0,1159420.0,0
691.0,1119520.0,0
692.0,3224250.0,1
693.0,435580.0,0
694.0,2410830.0,1
695.0,13300.0,0
696.0,86600.0,0
697.0,68700.0,0
698.0,299830.0,0
699.0,508470.0,0
700.0,269940.0,0
701.0,1007450.0,0
702.0,829850.0,0
703.0,3280460.0,1
704.0,674250.0,0
705.0,124950.0,0
706.0,1455480.0,0
708.0,39420.0,0
709.0,1990410.0,1
710.0,542790.0,0
711.0,2039750.0,1
712.0,2517680.0,1
713.0,225100.0,0
714.0,338220.0,0
716.0,1808340.0,0
717.0,4285240.0,1
719.0,290960.0,0
720.0,1740440.0,0
721.0,824670.0,0
722.0,129950.0,0
723.0,1024770.0,0
724.0,22000.0,0
725.0,127920.0,0
726.0,1631220.0,0
727.0,959700.0,0
728.0,34980.0,0
729.0,391260.0,0
730.0,388450.0,0
731.0,1439600.0,0
732.0,393840.0,0
733.0,53940.0,0
734.0,718200.0,0
735.0,4295390.0,1
736.0,437070.0,0
737.0,32970.0,0
739.0,361020.0,0
740.0,7836330.0,2
741.0,270850.0,0
742.0,3814940.0,1
743.0,404740.0,0
744.0,177300.0,0
745.0,682640.0,0
746.0,93800.0,0
747.0,173530.0,0
748.0,581510.0,0
749.0,137970.0,0
750.0,44260.0,0
751.0,1295640.0,0
752.0,1521340.0,0
753.0,347620.0,0
755.0,1149300.0,0
756.0,20970.0,0
757.0,9859270.0,2
758.0,135860.0,0
759.0,368100.0,0
760.0,301860.0,0
762.0,1049580.0,0
763.0,6156700.0,1
764.0,795400.0,0
765.0,588690.0,0
766.0,4500.0,0
767.0,1119650.0,0
768.0,884960.0,0
769.0,3011140.0,1
770.0,230670.0,0
771.0,13300.0,0
773.0,402650.0,0
774.0,651740.0,0
775.0,1695470.0,0
776.0,3800.0,0
777.0,1178280.0,0
778.0,278690.0,0
779.0,712600.0,0
780.0,304420.0,0
781.0,3843240.0,1
782.0,1065560.0,0
783.0,733140.0,0
784.0,447360.0,0
785.0,472460.0,0
786.0,107640.0,0
787.0,3725460.0,1
788.0,1507200.0,0
789.0,1350580.0,0
790.0,1749300.0,0
791.0,10816752.4,2
792.0,1583560.0,0
793.0,1414420.0,0
795.0,45600.0,0
796.0,199360.0,0
797.0,174900.0,0
798.0,130560.0,0
799.0,534460.0,0
800.0,65240.0,0
802.0,16380.0,0
804.0,2274380.0,1
805.0,2205310.0,1
806.0,327200.0,0
807.0,73970.0,0
808.0,424800.0,0
809.0,2798240.0,1
810.0,2090780.0,1
813.0,713730.0,0
814.0,1098320.0,0
815.0,899640.0,0
816.0,337470.0,0
817.0,215880.0,0
818.0,1399440.0,0
819.0,41790.0,0
820.0,125960.0,0
821.0,98550.0,0
822.0,6990.0,0
823.0,2070350.0,1
824.0,209700.0,0
825.0,263120.0,0
826.0,1133820.0,0
827.0,4496190.0,1
828.0,5076370.0,1
829.0,245230.0,0
830.0,191520.0,0
831.0,283960.0,0
832.0,221880.0,0
833.0,61490.0,0
834.0,6344773.11,1
835.0,81900.0,0
836.0,621180.0,0
838.0,2622390.0,1
839.0,6300.0,0
840.0,84960.0,0
841.0,869710.0,0
842.0,145600.0,0
843.0,553780.0,0
845.0,125100.0,0
846.0,4595700.0,1
847.0,199505.0,0
849.0,11000.0,0
850.0,99640.0,0
851.0,153300.0,0
852.0,314950.0,0
853.0,45540.0,0
854.0,1651500.0,0
855.0,119900.0,0
856.0,442430.0,0
857.0,552750.0,0
858.0,209700.0,0
859.0,1184670.0,0
861.0,531700.0,0
863.0,559900.0,0
864.0,314930.0,0
865.0,730030.0,0
866.0,181380.0,0
867.0,447440.0,0
868.0,1657400.0,0
869.0,424790.0,0
870.0,3426270.0,1
871.0,53370.0,0
872.0,912790.0,0
873.0,178650.0,0
874.0,299940.0,0
875.0,3794450.0,1
876.0,4626760.0,1
877.0,902420.0,0
878.0,177390.0,0
879.0,1579380.0,0
880.0,271440.0,0
881.0,965060.0,0
882.0,638820.0,0
884.0,1900.0,0
885.0,506700.0,0
886.0,552860.0,0
887.0,184900.0,0
888.0,60870.0,0
889.0,187730.0,0
890.0,191360.0,0
892.0,123000.0,0
893.0,92280.0,0
894.0,460070.0,0
895.0,459880.0,0
897.0,223930.0,0
899.0,3599270.0,1
900.0,719980.0,0
901.0,121400.0,0
902.0,12028800.0,2
903.0,244460.0,0
904.0,19000.0,0
905.0,740680.0,0
906.0,2621690.0,1
907.0,1458350.0,0
908.0,199800.0,0
909.0,4192950.0,1
910.0,680630.0,0
911.0,2281640.0,1
912.0,1097120.0,0
913.0,315640.0,0
914.0,648240.0,0
916.0,16310.0,0
917.0,543440.0,0
918.0,20960.0,0
919.0,269520.0,0
920.0,1511140.0,0
922.0,125980.0,0
923.0,293760.0,0
924.0,59990.0,0
926.0,2697200.0,1
927.0,2447320.0,1
928.0,2657170.0,1
929.0,1984640.0,1
930.0,604010.0,0
931.0,659670.0,0
932.0,1819290.0,0
933.0,214910.0,0
934.0,566910.0,0
935.0,468720.0,0
936.0,33980.0,0
937.0,2387490.0,1
938.0,199920.0,0
939.0,2907380.0,1
940.0,23880.0,0
941.0,711650.0,0
942.0,496360.0,0
943.0,94810.0,0
944.0,332630.0,0
945.0,1627420.0,0
946.0,2724061.26,1
947.0,4166300.0,1
949.0,13200.0,0
950.0,1457760.0,0
951.0,555880.0,0
953.0,121740.0,0
954.0,483980.0,0
955.0,1723220.0,0
956.0,802080.0,0
957.0,321580.0,0
958.0,400920.0,0
959.0,1453990.0,0
960.0,1678820.0,0
961.0,5932811.66,1
962.0,831680.0,0
963.0,419970.0,0
964.0,867790.0,0
965.0,314950.0,0
966.0,427700.0,0
967.0,899210.0,0
968.0,61490.0,0
969.0,374810.0,0
970.0,5021040.0,1
971.0,503610.0,0
972.0,3800.0,0
973.0,3523640.0,1
974.0,1175580.0,0
975.0,13980.0,0
976.0,926880.0,0
977.0,271840.0,0
978.0,656460.0,0
979.0,576820.0,0
980.0,134160.0,0
981.0,1350420.0,0
982.0,123320.0,0
983.0,1547530.0,0
984.0,62790.0,0
986.0,747950.0,0
987.0,2429460.0,1
988.0,752040.0,0
989.0,206850.0,0
990.0,17990.0,0
992.0,65890.0,0
993.0,5225740.0,1
994.0,341940.0,0
995.0,1324470.0,0
996.0,4377780.0,1
997.0,671460.0,0
998.0,511540.0,0
1000.0,727720.0,0
1002.0,348460.0,0
1003.0,533910.0,0
1004.0,357110.0,0
1005.0,879800.0,0
1006.0,648110.0,0
1010.0,196380.0,0
1011.0,413300.0,0
1012.0,1946860.0,1
1013.0,191370.0,0
1014.0,818870.0,0
1015.0,45990.0,0
1016.0,493740.0,0
1018.0,1974140.0,1
1019.0,828380.0,0
1020.0,251370.0,0
1021.0,1104010.0,0
1022.0,1252600.0,0
1023.0,812600.0,0
1024.0,3006770.0,1
1025.0,3597606.0,1
1026.0,687030.0,0
1027.0,649220.0,0
1029.0,2771260.0,1
1031.0,1413000.0,0
1032.0,602560.0,0
1033.0,933600.0,0
1034.0,23300.0,0
1035.0,1262800.0,0
1036.0,3542430.0,1
1038.0,304400.0,0
1039.0,1024920.0,0
1040.0,197780.0,0
1041.0,10460060.0,2
1042.0,644560.0,0
1043.0,181380.0,0
1044.0,202090.0,0
1045.0,5903340.0,1
1047.0,189160.0,0
1048.0,2274900.0,1
1049.0,1005520.0,0
1050.0,960790.0,0
1052.0,15200.0,0
1053.0,518460.0,0
1054.0,28500.0,0
1055.0,974610.0,0
1056.0,15920.0,0
1057.0,1189680.0,0
1058.0,347740.0,0
1059.0,2603070.0,1
1060.0,2757330.0,1
1061.0,60460.0,0
1062.0,665620.0,0
1063.0,50310.0,0
1064.0,55900.0,0
1065.0,724750.0,0
1066.0,21570.0,0
1068.0,419720.0,0
1069.0,744560.0,0
1070.0,118200.0,0
1071.0,2621220.0,1
1072.0,426930.0,0
1073.0,180400.0,0
1074.0,1016680.0,0
1075.0,238520.0,0
1076.0,74750.0,0
1077.0,1818090.0,0
1078.0,22000.0,0
1079.0,61690.0,0
1082.0,3084740.0,1
1083.0,238570.0,0
1084.0,582490.0,0
1085.0,94950.0,0
1086.0,553080.0,0
1087.0,125930.0,0
1088.0,326450.0,0
1089.0,341810.0,0
1091.0,236400.0,0
1093.0,5700.0,0
1094.0,1557940.0,0
1095.0,2788740.0,1
1096.0,19350743.37,2
1097.0,763520.0,0
1098.0,390470.0,0
1100.0,1205670.0,0
1101.0,7820201.25,2
1102.0,1039360.0,0
1103.0,1889650.0,0
1104.0,270870.0,0
1107.0,5140950.0,1
1108.0,601090.0,0
1109.0,837360.0,0
1110.0,1173650.0,0
1111.0,1456970.0,0
1112.0,324640.0,0
1113.0,3114050.0,1
1114.0,815140.0,0
1115.0,92080.0,0
1116.0,279950.0,0
1117.0,13279133.34,2
1119.0,75960.0,0
1120.0,372300.0,0
1121.0,77740.0,0
1123.0,163590.0,0
1124.0,4445140.0,1
1125.0,84960.0,0
1126.0,150080.0,0
1127.0,197150.0,0
1128.0,4500.0,0
1130.0,113620.0,0
1131.0,2145490.0,1
1132.0,11700.0,0
1133.0,683560.0,0
1134.0,678370.0,0
1135.0,209310.0,0
1136.0,1100900.0,0
1137.0,3175990.0,1
1138.0,45540.0,0
1140.0,614520.0,0
1141.0,2590120.0,1
1142.0,7264910.0,2
1143.0,224540.0,0
1144.0,447720.0,0
1145.0,953850.0,0
1146.0,7198410.0,2
1147.0,168710.0,0
1149.0,431730.0,0
1150.0,249160.0,0
1152.0,1574320.0,0
1153.0,681680.0,0
1155.0,195720.0,0
1156.0,699050.0,0
1157.0,30800.0,0
1158.0,928294.0,0
1159.0,1291240.0,0
1161.0,747810.0,0
1162.0,3882360.0,1
1163.0,782140.0,0
1164.0,377940.0,0
1165.0,1501060.0,0
1166.0,1125600.0,0
1167.0,89990.0,0
1168.0,10601240.0,2
1169.0,125930.0,0
1170.0,152910.0,0
1172.0,3800.0,0
1173.0,67660.0,0
1174.0,3067910.0,1
1175.0,2370700.0,1
1176.0,724660.0,0
1177.0,696860.0,0
1178.0,236520.0,0
1179.0,1532430.0,0
1180.0,158950.0,0
1181.0,113300.0,0
1182.0,107520.0,0
1183.0,10800.0,0
1184.0,65790.0,0
1185.0,340610.0,0
1186.0,683640.0,0
1187.0,195150.0,0
1188.0,21910.0,0
1189.0,14200341.62,2
1190.0,5136460.0,1
1192.0,314950.0,0
1194.0,1349730.0,0
1195.0,421960.0,0
1196.0,235770.0,0
1198.0,544890.0,0
1199.0,3865620.0,1
1200.0,658650.0,0
1201.0,170910.0,0
1202.0,308300.0,0
1203.0,63680.0,0
1205.0,62930.0,0
1206.0,2820770.0,1
1209.0,125930.0,0
1210.0,461580.0,0
1211.0,71640.0,0
1212.0,181930.0,0
1213.0,712530.0,0
1214.0,3365130.0,1
1215.0,299000.0,0
1217.0,152890.0,0
1219.0,1735350.0,0
1220.0,202710.0,0
1221.0,29230.0,0
1222.0,473800.0,0
1224.0,1291620.0,0
1225.0,3014240.0,1
1226.0,2170520.0,1
1230.0,1006534.0,0
1232.0,57710.0,0
1233.0,1583640.0,0
1234.0,782720.0,0
1235.0,215760.0,0
1236.0,339650.0,0
1237.0,161940.0,0
1238.0,3415860.0,1
1239.0,730800.0,0
1241.0,145480.0,0
1243.0,1019520.0,0
1244.0,1193720.0,0
1246.0,64870.0,0
1248.0,10414800.86,2
1249.0,73960.0,0
1251.0,64710.0,0
1252.0,134780.0,0
1253.0,3600.0,0
1254.0,32620.0,0
1256.0,2445150.0,1
1257.0,503910.0,0
1259.0,521710.0,0
1260.0,2011560.0,1
1261.0,555010.0,0
1262.0,1130260.0,0
1263.0,372610.0,0
1265.0,689850.0,0
1266.0,4857870.0,1
1267.0,753180.0,0
1268.0,1199770.0,0
1269.0,653230.0,0
1270.0,8800.0,0
1271.0,7901940.0,2
1272.0,391680.0,0
1273.0,6990.0,0
1274.0,3901370.0,1
1275.0,177800.0,0
1276.0,1453980.0,0
1278.0,4843900.0,1
1280.0,177660.0,0
1281.0,710340.0,0
1282.0,1478210.0,0
1285.0,1497440.0,0
1286.0,1475590.0,0
1287.0,3265940.59,1
1288.0,442940.0,0
1289.0,462560.0,0
1291.0,481800.0,0
1293.0,1990092.0,1
1295.0,139650.0,0
1296.0,9101542.9,2
1297.0,35980.0,0
1298.0,703410.0,0
1299.0,55320.0,0
1300.0,3903990.0,1
1301.0,207740.0,0
1302.0,717680.0,0
1303.0,673620.0,0
1304.0,303620.0,0
1305.0,62010.0,0
1306.0,89950.0,0
1307.0,204500.0,0
1308.0,1416760.0,0
1309.0,1763510.0,0
1311.0,208890.0,0
1312.0,424740.0,0
1313.0,2762380.0,1
1314.0,1115360.0,0
1315.0,10480.0,0
1316.0,107940.0,0
1317.0,5700.0,0
1318.0,706090.0,0
1319.0,265150.0,0
1320.0,489370.0,0
1321.0,54890.0,0
1322.0,889650.0,0
1323.0,803160.0,0
1324.0,7200.0,0
1325.0,11000.0,0
1326.0,328950.0,0
1327.0,94950.0,0
1328.0,264150.0,0
1329.0,885120.0,0
1330.0,3575110.0,1
1331.0,254820.0,0
1332.0,767520.0,0
1334.0,531700.0,0
1335.0,64710.0,0
1336.0,852370.0,0
1337.0,459650.0,0
1338.0,1455480.0,0
1339.0,1258800.0,0
1340.0,287910.0,0
1341.0,22800.0,0
1342.0,673540.0,0
1343.0,597860.0,0
1344.0,1036890.0,0
1345.0,797580.0,0
1346.0,4660.0,0
1347.0,1507330.0,0
1348.0,342350.0,0
1349.0,199920.0,0
1350.0,359160.0,0
1351.0,1144040.0,0
1352.0,67960.0,0
1353.0,19590.0,0
1354.0,1170210.0,0
1355.0,57120.0,0
1356.0,396560.0,0
1357.0,1445880.0,0
1358.0,1197140.0,0
1359.0,871740.0,0
1360.0,1059650.0,0
1362.0,601940.0,0
1364.0,265260.0,0
1365.0,1005410.0,0
1367.0,509700.0,0
1368.0,91770.0,0
1369.0,11400.0,0
1370.0,604890.0,0
1372.0,18394156.13,2
1373.0,11400.0,0
1374.0,450210.0,0
1375.0,431880.0,0
1376.0,103150.0,0
1378.0,136710.0,0
1379.0,699210.0,0
1380.0,33980.0,0
1381.0,137340.0,0
1382.0,458000.0,0
1383.0,15920.0,0
1384.0,835620.0,0
1385.0,37280.0,0
1386.0,36950.0,0
1387.0,565220.0,0
1389.0,593730.0,0
1390.0,290180.0,0
1391.0,7876523.74,2
1392.0,601400.0,0
1393.0,139020.0,0
1394.0,207180.0,0
1395.0,181860.0,0
1397.0,1967570.0,1
1398.0,1187900.0,0
1399.0,3448800.0,1
1400.0,719780.0,0
1401.0,1457160.0,0
1402.0,7374571.26,2
1403.0,960350.0,0
1404.0,597740.0,0
1405.0,731990.0,0
1406.0,833600.0,0
1407.0,219730.0,0
1408.0,295850.0,0
1409.0,239960.0,0
1410.0,3038130.0,1
1411.0,1554070.0,0
1412.0,2499670.0,1
1413.0,147840.0,0
1415.0,1543720.0,0
1416.0,1343790.0,0
1417.0,899800.0,0
1418.0,289100.0,0
1419.0,145480.0,0
1420.0,367420.0,0
1421.0,241840.0,0
1422.0,306950.0,0
1423.0,175050.0,0
1424.0,538470.0,0
1425.0,87780.0,0
1426.0,635760.0,0
1427.0,398940.0,0
1428.0,198100.0,0
1429.0,141960.0,0
1430.0,256990.0,0
1431.0,95960.0,0
1432.0,2744390.0,1
1433.0,2195590.0,1
1434.0,495690.0,0
1435.0,101370.0,0
1436.0,1079400.0,0
1437.0,3816990.0,1
1438.0,262960.0,0
1439.0,535920.0,0
1440.0,1570380.0,0
1441.0,258940.0,0
1442.0,1652760.0,0
1443.0,904300.0,0
1444.0,140700.0,0
1445.0,335790.0,0
1446.0,134730.0,0
1447.0,395780.0,0
1448.0,846680.0,0
1449.0,1979090.0,1
1450.0,1299350.0,0
1451.0,338490.0,0
1453.0,938770.0,0
1454.0,207590.0,0
1455.0,2105760.0,1
1456.0,4230960.0,1
1457.0,388930.0,0
1458.0,509700.0,0
1459.0,569040.0,0
1460.0,16320.0,0
1461.0,257040.0,0
1462.0,2654320.0,1
1464.0,1198980.0,0
1466.0,157410.0,0
1467.0,27960.0,0
1468.0,438040.0,0
1469.0,646380.0,0
1470.0,233910.0,0
1471.0,2498740.0,1
1473.0,342300.0,0
1474.0,212870.0,0
1475.0,1979570.0,1
1476.0,120920.0,0
1477.0,1229450.0,0
1478.0,1309950.0,0
1479.0,300600.0,0
1480.0,423600.0,0
1481.0,672680.0,0
1482.0,782510.0,0
1485.0,1154450.0,0
1487.0,346920.0,0
1488.0,265860.0,0
1489.0,54620.0,0
1490.0,753710.0,0
1491.0,670890.0,0
1492.0,251880.0,0
1494.0,526000.0,0
1496.0,1055050.0,0
1497.0,606090.0,0
1498.0,541750.0,0
1499.0,20970.0,0
1500.0,466390.0,0
1501.0,2960520.0,1
1503.0,1419950.0,0
1504.0,625740.0,0
1505.0,14734850.0,2
1506.0,668640.0,0
1507.0,20970.0,0
1508.0,314890.0,0
1509.0,1240180.0,0
1511.0,292500.0,0
1512.0,1997470.0,1
1513.0,811200.0,0
1514.0,10477411.68,2
1515.0,551410.0,0
1516.0,36990.0,0
1519.0,410140.0,0
1520.0,191920.0,0
1521.0,5901880.0,1
1522.0,5102190.0,1
1523.0,59980.0,0
1524.0,247690.0,0
1525.0,403580.0,0
1526.0,720660.0,0
1527.0,808600.0,0
1528.0,391930.0,0
1529.0,1651560.0,0
1530.0,177370.0,0
1531.0,105240.0,0
1532.0,2922270.0,1
1533.0,634900.0,0
1534.0,1029120.0,0
1535.0,48930.0,0
1536.0,94950.0,0
1537.0,82570.0,0
1538.0,160300.0,0
1539.0,217560.0,0
1540.0,1767000.0,0
1541.0,174750.0,0
1542.0,278780.0,0
1543.0,688480.0,0
1544.0,768440.0,0
1545.0,119703.0,0
1546.0,1434600.0,0
1547.0,75330.0,0
1548.0,222480.0,0
1549.0,299880.0,0
1550.0,3483520.0,1
1552.0,139000.0,0
1553.0,141660.0,0
1554.0,2070430.0,1
1555.0,35980.0,0
1556.0,779700.0,0
1557.0,5133320.0,1
1559.0,287680.0,0
1560.0,449750.0,0
1561.0,925120.0,0
1562.0,1716300.0,0
1563.0,801080.0,0
1564.0,12240.0,0
1565.0,1601410.0,0
1566.0,9500.0,0
1567.0,98550.0,0
1568.0,3043250.0,1
1569.0,392530.0,0
1570.0,174930.0,0
1571.0,1998280.0,1
1572.0,562950.0,0
1573.0,273210.0,0
1575.0,588570.0,0
1576.0,262830.0,0
1577.0,619540.0,0
1578.0,575680.0,0
1579.0,4475020.0,1
1581.0,233740.0,0
1582.0,970820.0,0
1583.0,97920.0,0
1584.0,251860.0,0
1585.0,351920.0,0
1586.0,286300.0,0
1587.0,426150.0,0
1588.0,3942980.0,1
1589.0,626670.0,0
1590.0,5534400.0,1
1591.0,11400.0,0
1592.0,454720.0,0
1593.0,174940.0,0
1595.0,1839470.0,0
1596.0,250200.0,0
1597.0,2079053.0,1
1598.0,7600.0,0
1599.0,1320500.0,0
1600.0,127770.0,0
1601.0,1119960.0,0
1602.0,371640.0,0
1603.0,59480.0,0
1604.0,831130.0,0
1605.0,6990.0,0
1606.0,627650.0,0
1607.0,111960.0,0
1608.0,1346940.0,0
1609.0,299750.0,0
1610.0,398790.0,0
1611.0,3800.0,0
1612.0,265720.0,0
1613.0,538560.0,0
1615.0,55900.0,0
1616.0,2366370.0,1
1617.0,2759520.0,1
1618.0,193380.0,0
1619.0,3359040.0,1
1621.0,513070.0,0
1622.0,92210.0,0
1623.0,11940.0,0
1624.0,6990.0,0
1626.0,597870.0,0
1627.0,1076210.0,0
1628.0,1998710.0,1
1629.0,370660.0,0
1630.0,856310.0,0
1631.0,552750.0,0
1632.0,2966570.0,1
1634.0,511950.0,0
1635.0,287030.0,0
1636.0,196620.0,0
1637.0,269460.0,0
1638.0,207760.0,0
1639.0,147320.0,0
1640.0,259900.0,0
1642.0,361800.0,0
1643.0,287150.0,0
1644.0,447720.0,0
1645.0,125820.0,0
1646.0,2833560.0,1
1647.0,297380.0,0
1648.0,2120440.0,1
1649.0,815500.0,0
1651.0,367770.0,0
1653.0,1517440.0,0
1654.0,569700.0,0
1655.0,179490.0,0
1656.0,8221790.0,2
1657.0,179960.0,0
1658.0,3225510.0,1
1659.0,1063710.0,0
1660.0,22770.0,0
1662.0,28560.0,0
1663.0,351900.0,0
1664.0,151740.0,0
1665.0,2771120.0,1
1666.0,44720.0,0
1667.0,1062810.0,0
1668.0,1981220.0,1
1669.0,30400.0,0
1670.0,707530.0,0
1671.0,4730180.0,1
1673.0,83880.0,0
1674.0,4430150.0,1
1675.0,3134280.0,1
1676.0,527340.0,0
1677.0,553970.0,0
1678.0,776650.0,0
1679.0,399840.0,0
1680.0,84950.0,0
1681.0,2637120.0,1
1682.0,849040.0,0
1684.0,1111560.0,0
1685.0,673590.0,0
1686.0,3514910.0,1
1687.0,169210.0,0
1688.0,1115360.0,0
1689.0,302840.0,0
1691.0,372410.0,0
1692.0,915080.0,0
1693.0,3408900.0,1
1694.0,246870.0,0
1695.0,195840.0,0
1696.0,98280.0,0
1697.0,94950.0,0
1698.0,75960.0,0
1699.0,447920.0,0
1700.0,87700.0,0
1701.0,614960.0,0
1702.0,127680.0,0
1703.0,748380.0,0
1704.0,236520.0,0
1705.0,842520.0,0
1706.0,284980.0,0
1707.0,507070.0,0
1708.0,419970.0,0
1709.0,11180.0,0
1710.0,802600.0,0
1711.0,747420.0,0
1712.0,2944920.0,1
1713.0,154630.0,0
1714.0,1727460.0,0
1715.0,7610051.22,2
1716.0,2027160.0,1
1717.0,335930.0,0
1718.0,818870.0,0
1719.0,391930.0,0
1720.0,190740.0,0
1722.0,72370.0,0
1723.0,4349190.0,1
1724.0,602850.0,0
1725.0,620310.0,0
1726.0,20362113.76,2
1727.0,2249290.0,1
1728.0,2855140.0,1
1729.0,233740.0,0
1730.0,153890.0,0
1732.0,398060.0,0
1733.0,278690.0,0
1736.0,297000.0,0
1737.0,223960.0,0
1739.0,215730.0,0
1740.0,7936740.0,2
1741.0,206850.0,0
1742.0,117940.0,0
1743.0,346140.0,0
1744.0,503720.0,0
1745.0,181450.0,0
1746.0,4044900.0,1
1747.0,762760.0,0
1748.0,795810.0,0
1749.0,4665050.0,1
1750.0,530830.0,0
1751.0,79950.0,0
1752.0,192030.0,0
1753.0,1049580.0,0
1754.0,389530.0,0
1756.0,1184470.0,0
1757.0,463860.0,0
1758.0,992540.0,0
1760.0,649750.0,0
1761.0,6557950.0,1
1762.0,1271670.0,0
1764.0,640630.0,0
1765.0,3983490.0,1
1766.0,48960.0,0
1767.0,3073770.0,1
1768.0,908710.0,0
1769.0,275280.0,0
1770.0,367080.0,0
1771.0,247500.0,0
1772.0,499900.0,0
1773.0,1043710.0,0
1774.0,1464760.0,0
1775.0,83280.0,0
1776.0,115710.0,0
1777.0,379800.0,0
1778.0,184070.0,0
1779.0,621520.0,0
1780.0,879470.0,0
1781.0,482460.0,0
1783.0,611460.0,0
1784.0,522700.0,0
1785.0,629900.0,0
1786.0,56340.0,0
1787.0,73630.0,0
1788.0,421610.0,0
1789.0,795890.0,0
1790.0,916640.0,0
1792.0,2157090.0,1
1793.0,356900.0,0
1794.0,107400.0,0
1795.0,524580.0,0
1796.0,55160.0,0
1797.0,2467360.0,1
1798.0,297050.0,0
1799.0,779740.0,0
1800.0,138120.0,0
1801.0,132850.0,0
1802.0,1720180.0,0
1803.0,347880.0,0
1804.0,156220.0,0
1805.0,289600.0,0
1806.0,613840.0,0
1807.0,3158520.0,1
1808.0,135920.0,0
1809.0,250270.0,0
1810.0,113940.0,0
1811.0,832760.0,0
1812.0,4474090.0,1
1813.0,170810.0,0
1814.0,917630.0,0
1815.0,17100.0,0
1816.0,602830.0,0
1818.0,540850.0,0
1819.0,712680.0,0
1820.0,216800.0,0
1821.0,89980.0,0
1822.0,610800.0,0
1823.0,408190.0,0
1824.0,62990.0,0
1826.0,1022790.0,0
1827.0,175400.0,0
1829.0,2090520.0,1
1830.0,539570.0,0
1831.0,33500.0,0
1834.0,789504.0,0
1836.0,1821390.0,0
1837.0,27830.0,0
1838.0,2949750.0,1
1839.0,812060.0,0
1840.0,157680.0,0
1841.0,94080.0,0
1842.0,1006020.0,0
1844.0,7072350.0,2
1845.0,43140.0,0
1847.0,371370.0,0
1848.0,207270.0,0
1849.0,3170390.0,1
1850.0,286300.0,0
1851.0,1534720.0,0
1853.0,431760.0,0
1854.0,2249500.0,1
1855.0,571160.0,0
1856.0,7393131.34,2
1858.0,332610.0,0
1859.0,83930.0,0
1860.0,421360.0,0
1861.0,1239640.0,0
1862.0,5570090.0,1
1864.0,344410.0,0
1865.0,326270.0,0
1866.0,735780.0,0
1867.0,2646400.0,1
1868.0,210460.0,0
1869.0,1027240.0,0
1870.0,610500.0,0
1871.0,639960.0,0
1872.0,1117040.0,0
1873.0,845860.0,0
1874.0,106920.0,0
1875.0,783360.0,0
1876.0,359800.0,0
1877.0,13300.0,0
1878.0,3517350.0,1
1879.0,105240.0,0
1880.0,531400.0,0
1881.0,205770.0,0
1883.0,249900.0,0
1884.0,134970.0,0
1885.0,1564920.0,0
1886.0,2944770.0,1
1887.0,132810.0,0
1888.0,581650.0,0
1889.0,296970.0,0
1890.0,1888240.0,0
1891.0,573300.0,0
1893.0,2958150.0,1
1895.0,251900.0,0
1896.0,293930.0,0
1897.0,360810.0,0
1898.0,197100.0,0
1899.0,430550.0,0
1900.0,2884230.0,1
1902.0,362320.0,0
1903.0,412840.0,0
1904.0,222530.0,0
1905.0,585390.0,0
1906.0,451670.0,0
1907.0,757660.0,0
1908.0,174930.0,0
1909.0,1071720.0,0
1910.0,851620.0,0
1911.0,539890.0,0
1912.0,455150.0,0
1914.0,163590.0,0
1916.0,362670.0,0
1917.0,1341300.0,0
1918.0,2474010.0,1
1919.0,1835820.0,0
1920.0,3394770.0,1
1921.0,11450.0,0
1922.0,476190.0,0
1923.0,335400.0,0
1924.0,87950.0,0
1925.0,103740.0,0
1926.0,607680.0,0
1927.0,761910.0,0
1928.0,21340.0,0
1930.0,4213100.0,1
1931.0,994690.0,0
1932.0,107360.0,0
1933.0,145480.0,0
1934.0,3464450.0,1
1935.0,388380.0,0
1936.0,3432000.0,1
1937.0,279900.0,0
1939.0,1359780.0,0
1940.0,847800.0,0
1941.0,180380.0,0
1942.0,149750.0,0
1943.0,551920.0,0
1944.0,440640.0,0
1945.0,1110530.0,0
1946.0,19000.0,0
1947.0,3390370.0,1
1948.0,2257070.0,1
1949.0,649750.0,0
1950.0,12300.0,0
1951.0,1175760.0,0
1952.0,1436290.0,0
1953.0,6187290.0,1
1954.0,464610.0,0
1955.0,20950.0,0
1958.0,175890.0,0
1959.0,44910.0,0
1960.0,15200.0,0
1961.0,15091782.22,2
1962.0,1975580.0,1
1963.0,134160.0,0
1965.0,363480.0,0
1966.0,129740.0,0
1967.0,221940.0,0
1968.0,372180.0,0
1969.0,647760.0,0
1970.0,1679600.0,0
1971.0,335720.0,0
1972.0,147750.0,0
1973.0,1903380.0,0
1974.0,9106420.0,2
1975.0,26970.0,0
1976.0,2921560.0,1
1977.0,1121500.0,0
1978.0,4223320.0,1
1979.0,362880.0,0
1980.0,434920.0,0
1981.0,124750.0,0
1982.0,159680.0,0
1983.0,1655280.0,0
1984.0,919300.0,0
1985.0,1103610.0,0
1986.0,149940.0,0
1987.0,148260.0,0
1988.0,45190.0,0
1990.0,485730.0,0
1991.0,922860.0,0
1992.0,7600.0,0
1993.0,579890.0,0
1994.0,267060.0,0
1995.0,104940.0,0
2000.0,10403020.42,2
2001.0,1756140.0,0
2002.0,7834261.76,2
2003.0,2289000.0,1
2004.0,443240.0,0
2005.0,797860.0,0
2006.0,503720.0,0
2007.0,671860.0,0
2008.0,1733520.0,0
2009.0,3072460.0,1
2010.0,785790.0,0
2011.0,1324470.0,0
2012.0,27800.0,0
2014.0,2914570.0,1
2015.0,99750.0,0
2016.0,61660.0,0
2017.0,858590.0,0
2018.0,349860.0,0
2019.0,159600.0,0
2020.0,198360.0,0
2021.0,125930.0,0
2022.0,701220.0,0
2023.0,287880.0,0
2025.0,440930.0,0
2026.0,456750.0,0
2027.0,3584390.0,1
2028.0,230550.0,0
2029.0,152490.0,0
2030.0,15520.0,0
2032.0,905670.0,0
2033.0,120960.0,0
2034.0,2789380.0,1
2036.0,389090.0,0
2037.0,404730.0,0
2039.0,3773070.0,1
2040.0,1979950.0,1
2041.0,299950.0,0
2042.0,4798080.0,1
2043.0,799950.0,0
2044.0,1238670.0,0
2045.0,664650.0,0
2046.0,9320.0,0
2047.0,413640.0,0
2048.0,2930780.0,1
2049.0,919300.0,0
2050.0,1095550.0,0
2051.0,635700.0,0
2052.0,44910.0,0
2053.0,297360.0,0
2054.0,1995250.0,1
2055.0,207730.0,0
2056.0,588690.0,0
2058.0,303370.0,0
2059.0,17100.0,0
2060.0,119300.0,0
2061.0,64800.0,0
2062.0,2214520.0,1
2063.0,735680.0,0
2064.0,396390.0,0
2065.0,159604.0,0
2066.0,440870.0,0
2067.0,195720.0,0
2068.0,9637252.79,2
2069.0,94950.0,0
2070.0,265950.0,0
2072.0,353550.0,0
2073.0,2108980.0,1
2075.0,990110.0,0
2076.0,146700.0,0
2077.0,2428080.0,1
2078.0,215280.0,0
2079.0,2874450.0,1
2080.0,493810.0,0
2081.0,140840.0,0
2082.0,559800.0,0
2083.0,309080.0,0
2084.0,995540.0,0
2085.0,329840.0,0
2086.0,25630.0,0
2087.0,356960.0,0
2088.0,3048490.0,1
2089.0,1439910.0,0
2090.0,372850.0,0
2091.0,999800.0,0
2092.0,490370.0,0
2093.0,245700.0,0
2094.0,148570.0,0
2095.0,528930.0,0
2096.0,159900.0,0
2097.0,197100.0,0
2099.0,2015040.0,1
2100.0,9733230.0,2
2101.0,15520.0,0
2102.0,405420.0,0
2103.0,90200.0,0
2104.0,2439080.0,1
2105.0,125610.0,0
2106.0,215940.0,0
2107.0,1378640.0,0
2109.0,10138420.1,2
2110.0,67960.0,0
2111.0,473050.0,0
2112.0,732710.0,0
2113.0,2683120.0,1
2114.0,13300.0,0
2115.0,544140.0,0
2116.0,117390.0,0
2118.0,816570.0,0
2119.0,800600.0,0
2120.0,422020.0,0
2121.0,742800.0,0
2122.0,200490.0,0
2123.0,3029730.0,1
2124.0,1538600.0,0
2125.0,144950.0,0
2126.0,2115450.0,1
2127.0,2360660.0,1
2129.0,352610.0,0
2131.0,884180.0,0
2132.0,371360.0,0
2133.0,24320.0,0
2134.0,269700.0,0
2136.0,103890.0,0
2137.0,1253570.0,0
2138.0,17980.0,0
2139.0,1067670.0,0
2140.0,1010680.0,0
2141.0,564630.0,0
2142.0,179950.0,0
2143.0,18640.0,0
2144.0,1504330.0,0
2145.0,127440.0,0
2146.0,653860.0,0
2147.0,709600.0,0
2149.0,925100.0,0
2150.0,404740.0,0
2151.0,231140.0,0
2152.0,853580.0,0
2153.0,119850.0,0
2154.0,779740.0,0
2155.0,647280.0,0
2156.0,2456780.0,1
2157.0,194380.0,0
2158.0,1169250.0,0
2159.0,28600.0,0
2160.0,325840.0,0
2162.0,1626240.0,0
2163.0,71970.0,0
2164.0,503790.0,0
2165.0,194450.0,0
2166.0,1139430.0,0
2167.0,1709100.0,0
2168.0,786170.0,0
2169.0,630780.0,0
2170.0,2117200.0,1
2171.0,417420.0,0
2172.0,33980.0,0
2173.0,56960.0,0
2174.0,1075170.0,0
2175.0,75960.0,0
2176.0,1008610.0,0
2177.0,327200.0,0
2178.0,311260.0,0
2179.0,74560.0,0
2180.0,150670.0,0
2182.0,231280.0,0
2184.0,498600.0,0
2185.0,1007700.0,0
2186.0,629900.0,0
2187.0,293120.0,0
2188.0,562260.0,0
2190.0,573850.0,0
2191.0,288660.0,0
2192.0,669730.0,0
2193.0,122700.0,0
2194.0,113940.0,0
2195.0,1322100.0,0
2196.0,358340.0,0
2197.0,1844590.0,0
2198.0,61600.0,0
2199.0,19520.0,0
2200.0,741690.0,0
2201.0,1508350.0,0
2202.0,236400.0,0
2203.0,2369250.0,1
2204.0,8849840.87,2
2205.0,420450.0,0
2206.0,379980.0,0
2207.0,367265.0,0
2208.0,325760.0,0
2209.0,2267370.0,1
2210.0,1073740.0,0
2211.0,1817460.0,0
2213.0,559900.0,0
2214.0,409970.0,0
2215.0,569520.0,0
2216.0,1619640.0,0
2217.0,4537770.0,1
2218.0,469380.0,0
2219.0,701730.0,0
2220.0,13300.0,0
2221.0,686240.0,0
2222.0,868410.0,0
2224.0,51260.0,0
2225.0,888740.0,0
2226.0,447140.0,0
2227.0,52800.0,0
2228.0,2107060.0,1
2229.0,977840.0,0
2230.0,2413050.0,1
2231.0,139100.0,0
2232.0,314950.0,0
2233.0,1450020.0,0
2234.0,1222470.0,0
2235.0,75960.0,0
2236.0,35980.0,0
2238.0,596220.0,0
2239.0,2908390.0,1
2240.0,257100.0,0
2241.0,398200.0,0
2243.0,439920.0,0
2244.0,4352650.0,1
2246.0,1010450.0,0
2247.0,388080.0,0
2248.0,575680.0,0
2249.0,571780.0,0
2250.0,1588180.0,0
2251.0,1179720.0,0
2252.0,433200.0,0
2253.0,1240360.0,0
2254.0,1603560.0,0
2255.0,32640.0,0
2256.0,3407190.0,1
2257.0,1457440.0,0
2258.0,121540.0,0
2259.0,2507830.0,1
2260.0,1647820.0,0
2261.0,1037740.0,0
2262.0,371520.0,0
2263.0,9950.0,0
2264.0,1048080.0,0
2265.0,1945600.0,1
2267.0,2123410.0,1
2268.0,47920.0,0
2270.0,1819300.0,0
2271.0,132940.0,0
2272.0,145000.0,0
2273.0,1153350.0,0
2274.0,1164930.0,0
2275.0,15520.0,0
2276.0,264370.0,0
2277.0,923160.0,0
2278.0,19710.0,0
2279.0,7960.0,0
2280.0,652580.0,0
2281.0,36990.0,0
2282.0,2110140.0,1
2283.0,22000.0,0
2284.0,1430400.0,0
2285.0,449900.0,0
2286.0,2459830.0,1
2287.0,648680.0,0
2288.0,6870.0,0
2289.0,30360.0,0
2290.0,751700.0,0
2291.0,17990.0,0
2293.0,1285620.0,0
2296.0,17399271.91,2
2297.0,716480.0,0
2298.0,404330.0,0
2299.0,2207310.0,1
2300.0,26400.0,0
2302.0,175440.0,0
2303.0,267280.0,0
2305.0,328500.0,0
2306.0,204790.0,0
2307.0,391930.0,0
2308.0,839720.0,0
2309.0,2207310.0,1
2310.0,629880.0,0
2311.0,494610.0,0
2312.0,118260.0,0
2313.0,5015040.0,1
2314.0,402690.0,0
2315.0,354280.0,0
2317.0,653040.0,0
2318.0,618660.0,0
2319.0,968680.0,0
2320.0,336950.0,0
2321.0,250200.0,0
2322.0,9500.0,0
2323.0,333000.0,0
2324.0,3685900.84,1
2326.0,1113010.0,0
2327.0,183170.0,0
2328.0,1651240.0,0
2329.0,3132720.0,1
2330.0,4901570.82,1
2331.0,133530.0,0
2332.0,19710.0,0
2333.0,342800.0,0
2334.0,663210.0,0
2335.0,131020.0,0
2337.0,1652910.0,0
2338.0,304430.0,0
2340.0,2236520.0,1
2341.0,2967280.0,1
2342.0,1036300.0,0
2343.0,84950.0,0
2344.0,993930.0,0
2345.0,1091400.0,0
2346.0,1983380.0,1
2347.0,1529280.0,0
2348.0,207740.0,0
2349.0,528480.0,0
2350.0,75900.0,0
2351.0,31980.0,0
2352.0,8190.0,0
2353.0,851417.0,0
2354.0,892470.0,0
2355.0,8833570.0,2
2357.0,239710.0,0
2358.0,191520.0,0
2359.0,65520.0,0
2360.0,790760.0,0
2361.0,1999600.0,1
2362.0,1975260.0,1
2363.0,16310.0,0
2364.0,700250.0,0
2365.0,3906170.0,1
2366.0,351920.0,0
2367.0,907430.0,0
2368.0,274720.0,0
2369.0,1034550.0,0
2370.0,403600.0,0
2371.0,9229860.0,2
2372.0,4220330.0,1
2373.0,215770.0,0
2374.0,469680.0,0
2375.0,319900.0,0
2376.0,170860.0,0
2377.0,5306471.26,1
2378.0,1475590.0,0
2379.0,4146840.0,1
2380.0,615890.0,0
2381.0,3533380.0,1
2382.0,288370.0,0
2383.0,154340.0,0
2384.0,503920.0,0
2385.0,167580.0,0
2386.0,550490.0,0
2387.0,521690.0,0
2388.0,347130.0,0
2389.0,126180.0,0
2390.0,602620.0,0
2391.0,59920.0,0
2392.0,831740.0,0
2393.0,88900.0,0
2394.0,235630.0,0
2395.0,1445260.0,0
2396.0,9084771.68,2
2397.0,39610.0,0
2398.0,680570.0,0
2399.0,107940.0,0
2400.0,566330.0,0
2402.0,7114102.04,2
2403.0,487110.0,0
2404.0,477780.0,0
2405.0,690500.0,0
2406.0,402350.0,0
2407.0,1207150.0,0
2408.0,804960.0,0
2409.0,1408470.0,0
2410.0,898640.0,0
2411.0,1727640.0,0
2412.0,369220.0,0
2413.0,205220.0,0
2414.0,3173540.0,1
2415.0,3948830.0,1
2416.0,871440.0,0
2417.0,215810.0,0
2420.0,2834280.0,1
2421.0,214360.0,0
2422.0,1123060.0,0
2423.0,740130.0,0
2424.0,264100.0,0
2425.0,3545130.0,1
2426.0,269880.0,0
2427.0,5321990.0,1
2428.0,71080.0,0
2429.0,739750.0,0
2430.0,749680.0,0
2431.0,19400.0,0
2432.0,40950.0,0
2433.0,443360.0,0
2434.0,2483310.0,1
2435.0,835320.0,0
2436.0,1900.0,0
2438.0,406910.0,0
2439.0,97920.0,0
2440.0,45770.0,0
2441.0,305660.0,0
2442.0,815830.0,0
2443.0,79470.0,0
2445.0,16990.0,0
2446.0,488170.0,0
2447.0,1553450.0,0
2448.0,380320.0,0
2449.0,285840.0,0
2450.0,149080.0,0
2451.0,735096.0,0
2452.0,571780.0,0
2453.0,2803080.0,1
2454.0,10305130.0,2
2455.0,280840.0,0
2456.0,182350.0,0
2457.0,3191610.0,1
2459.0,417660.0,0
2460.0,1066930.0,0
2461.0,297400.0,0
2462.0,4510110.0,1
2463.0,381330.0,0
2464.0,499900.0,0
2465.0,3849500.0,1
2466.0,659010.0,0
2467.0,1924150.0,1
2470.0,866530.0,0
2471.0,2632230.0,1
2472.0,16310.0,0
2473.0,5550040.0,1
2474.0,357630.0,0
2475.0,220640.0,0
2476.0,276740.0,0
2477.0,143920.0,0
2478.0,1453600.0,0
2479.0,194610.0,0
2481.0,223680.0,0
2482.0,749090.0,0
2483.0,169900.0,0
2485.0,1899090.0,0
2486.0,122780.0,0
2487.0,1339510.0,0
2488.0,790530.0,0
2489.0,475510.0,0
2490.0,326640.0,0
2491.0,559900.0,0
2492.0,480480.0,0
2493.0,363860.0,0
2494.0,191940.0,0
2495.0,4660.0,0
2496.0,27710.0,0
2497.0,251720.0,0
2498.0,237660.0,0
2499.0,1179190.0,0
2500.0,583600.0,0
2501.0,3530340.0,1
2502.0,29000.0,0
2503.0,251640.0,0
2504.0,3862320.0,1
2506.0,321480.0,0
2507.0,330060.0,0
2508.0,792870.0,0
2509.0,336970.0,0
2510.0,2574010.0,1
2511.0,108780.0,0
2512.0,277470.0,0
2513.0,1052980.0,0
2514.0,403767.0,0
2515.0,143940.0,0
2516.0,175780.0,0
2517.0,1047380.0,0
2518.0,194670.0,0
2520.0,647100.0,0
2521.0,582020.0,0
2522.0,824710.0,0
2523.0,832500.0,0
2524.0,619740.0,0
2525.0,363090.0,0
2526.0,449100.0,0
2528.0,160300.0,0
2529.0,1605330.0,0
2531.0,1649570.0,0
2532.0,1265520.0,0
2533.0,108780.0,0
2534.0,1245300.0,0
2535.0,51740.0,0
2536.0,22770.0,0
2537.0,467700.0,0
2538.0,1979450.0,1
2539.0,128880.0,0
2540.0,3639410.0,1
2541.0,733720.0,0
2542.0,118200.0,0
2543.0,162320.0,0
2544.0,665760.0,0
2546.0,3332400.0,1
2547.0,2813590.82,1
2548.0,224700.0,0
2550.0,1398910.0,0
2551.0,1537380.0,0
2552.0,1024910.0,0
2553.0,811320.0,0
2554.0,223680.0,0
2555.0,449700.0,0
2556.0,6735840.0,1
2557.0,3716410.0,1
2558.0,155940.0,0
2559.0,184980.0,0
2560.0,542350.0,0
2561.0,10708300.0,2
2562.0,289710.0,0
2563.0,2227470.0,1
2564.0,635850.0,0
2566.0,368100.0,0
2567.0,573650.0,0
2568.0,3541540.0,1
2569.0,1699320.0,0
2570.0,227680.0,0
2571.0,56640.0,0
2573.0,362380.0,0
2575.0,751920.0,0
2576.0,809480.0,0
2577.0,626220.0,0
2579.0,1116400.0,0
2580.0,4220040.0,1
2581.0,178920.0,0
2582.0,968240.0,0
2583.0,1553480.0,0
2584.0,1836040.0,0
2586.0,36990.0,0
2587.0,231720.0,0
2588.0,4531950.0,1
2590.0,1479260.0,0
2592.0,316930.0,0
2593.0,687450.0,0
2594.0,359800.0,0
2595.0,7024412.09,1
2597.0,4818690.0,1
2598.0,109740.0,0
2600.0,858900.0,0
2601.0,343140.0,0
2602.0,392900.0,0
2603.0,781530.0,0
2604.0,768060.0,0
2605.0,11400.0,0
2606.0,746790.0,0
2607.0,400380.0,0
2608.0,11271781.56,2
2609.0,1125740.0,0
2610.0,254160.0,0
2611.0,903620.0,0
2612.0,339740.0,0
2613.0,1371510.0,0
2614.0,296380.0,0
2615.0,1135250.0,0
2616.0,5404249.84,1
2617.0,1134060.0,0
2618.0,1483280.0,0
2619.0,373870.0,0
2620.0,130160.0,0
2621.0,512460.0,0
2622.0,164300.0,0
2623.0,1343520.0,0
2624.0,610800.0,0
2625.0,553790.0,0
2626.0,493060.0,0
2627.0,1907880.0,1
2628.0,510290.0,0
2629.0,2441860.0,1
2630.0,2969340.0,1
2631.0,1064950.0,0
2632.0,632000.0,0
2633.0,368610.0,0
2634.0,466600.0,0
2635.0,2882230.0,1
2636.0,764920.0,0
2637.0,123960.0,0
2638.0,458263.0,0
2640.0,324880.0,0
2641.0,424800.0,0
2642.0,3805700.0,1
2643.0,25300.0,0
2644.0,17100.0,0
2645.0,308560.0,0
2646.0,1835490.0,0
2647.0,732250.0,0
2648.0,1070070.0,0
2649.0,251860.0,0
2650.0,709200.0,0
2651.0,1261780.0,0
2652.0,1071770.0,0
2653.0,1371690.0,0
2654.0,769590.0,0
2655.0,159000.0,0
2656.0,109980.0,0
2657.0,503920.0,0
2658.0,7600.0,0
2660.0,111800.0,0
2661.0,2068730.0,1
2662.0,290070.0,0
2663.0,855240.0,0
2665.0,1494680.0,0
2666.0,527730.0,0
2667.0,373930.0,0
2668.0,411640.0,0
2669.0,97590.0,0
2670.0,756030.0,0
2671.0,1608260.0,0
2672.0,803160.0,0
2673.0,5531890.0,1
2674.0,451530.0,0
2675.0,101450.0,0
2676.0,532660.0,0
2677.0,649380.0,0
2678.0,575880.0,0
2679.0,251910.0,0
2680.0,179900.0,0
2681.0,1871480.0,0
2682.0,35960.0,0
2683.0,2480000.0,1
2684.0,447050.0,0
2685.0,694590.0,0
2686.0,215700.0,0
2687.0,114770.0,0
2688.0,646740.0,0
2689.0,1348450.0,0
2690.0,5381970.0,1
2691.0,28500.0,0
2692.0,693000.0,0
2693.0,3615300.0,1
2694.0,2384470.0,1
2695.0,142400.0,0
2696.0,2222670.0,1
2697.0,179890.0,0
2698.0,2793200.0,1
2699.0,608310.0,0
2700.0,172550.0,0
2701.0,413090.0,0
2702.0,476300.0,0
2703.0,3506360.0,1
2705.0,13990.0,0
2706.0,564580.0,0
2707.0,2982070.0,1
2708.0,149500.0,0
2709.0,293790.0,0
2710.0,94950.0,0
2711.0,385910.0,0
2712.0,74750.0,0
2713.0,788160.0,0
2714.0,653240.0,0
2715.0,161910.0,0
2716.0,242740.0,0
2717.0,18490.0,0
2719.0,779700.0,0
2720.0,8279222.09,2
2721.0,427380.0,0
2722.0,268620.0,0
2723.0,431640.0,0
2724.0,611850.0,0
2725.0,731880.0,0
2726.0,237810.0,0
2727.0,377940.0,0
2728.0,666590.0,0
2729.0,289710.0,0
2730.0,626670.0,0
2731.0,274060.0,0
2732.0,303230.0,0
2733.0,767610.0,0
2734.0,30800.0,0
2735.0,94950.0,0
2736.0,19800.0,0
2737.0,615890.0,0
2738.0,1518260.0,0
2739.0,87980.0,0
2740.0,320780.0,0
2741.0,89950.0,0
2742.0,671880.0,0
2743.0,285520.0,0
2744.0,318710.0,0
2745.0,5705040.0,1
2746.0,101650.0,0
2747.0,1330580.0,0
2748.0,1158040.0,0
2749.0,313200.0,0
2750.0,187850.0,0
2751.0,590870.0,0
2752.0,1070660.0,0
2753.0,263940.0,0
2754.0,2407440.0,1
2755.0,543900.0,0
2757.0,124750.0,0
2758.0,55980.0,0
2759.0,382320.0,0
2760.0,1161570.0,0
2761.0,9286852.84,2
2762.0,1203600.0,0
2763.0,422310.0,0
2764.0,2654410.0,1
2765.0,403340.0,0
2766.0,630190.0,0
2767.0,393230.0,0
2768.0,591420.0,0
2770.0,297360.0,0
2771.0,145340.0,0
2772.0,311880.0,0
2773.0,859640.0,0
2774.0,693000.0,0
2775.0,2327230.0,1
2776.0,957180.0,0
2777.0,601430.0,0
2778.0,5147310.0,1
2779.0,539110.0,0
2780.0,1020980.0,0
2781.0,417780.0,0
2782.0,1126980.0,0
2783.0,1595160.0,0
2784.0,442850.0,0
2785.0,2062630.0,1
2786.0,684090.0,0
2787.0,1973520.0,1
2788.0,2376760.0,1
2789.0,53140.0,0
2790.0,797980.0,0
2791.0,146790.0,0
2792.0,401890.0,0
2793.0,260490.0,0
2794.0,1108320.0,0
2795.0,89950.0,0
2796.0,315780.0,0
2797.0,615440.0,0
2798.0,175330.0,0
2799.0,543830.0,0
2800.0,19021584.51,2
2801.0,31840.0,0
2802.0,191920.0,0
2803.0,1964550.0,1
2804.0,477370.0,0
2806.0,561600.0,0
2807.0,1033570.0,0
2808.0,768630.0,0
2810.0,179950.0,0
2811.0,611660.0,0
2812.0,616770.0,0
2813.0,1300200.0,0
2814.0,790400.0,0
2815.0,3911130.0,1
2816.0,15200.0,0
2817.0,59990.0,0
2818.0,199360.0,0
2819.0,17600.0,0
2820.0,17600.0,0
2822.0,337770.0,0
2823.0,35200.0,0
2824.0,398810.0,0
2825.0,245400.0,0
2826.0,335940.0,0
2827.0,449900.0,0
2828.0,325290.0,0
2829.0,588690.0,0
2830.0,3632820.0,1
2831.0,531720.0,0
2832.0,203880.0,0
2833.0,181740.0,0
2834.0,1086880.0,0
2836.0,225730.0,0
2837.0,299940.0,0
2838.0,131980.0,0
2839.0,115100.0,0
2840.0,406780.0,0
2841.0,1206910.0,0
2842.0,247710.0,0
2843.0,16310.0,0
2844.0,588360.0,0
2845.0,736310.0,0
2846.0,16011805.01,2
2847.0,576870.0,0
2848.0,5491280.0,1
2849.0,689670.0,0
2850.0,1727460.0,0
2851.0,244310.0,0
2852.0,6785171.45,1
2853.0,911750.0,0
2854.0,1343520.0,0
2855.0,755880.0,0
2856.0,3685900.0,1
2857.0,1031910.0,0
2858.0,607620.0,0
2859.0,1481210.0,0
2860.0,995010.0,0
2862.0,10869372.94,2
2863.0,79360.0,0
2864.0,179800.0,0
2865.0,1533930.0,0
2866.0,1057290.0,0
2867.0,305540.0,0
2868.0,388760.0,0
2869.0,1757040.0,0
2870.0,4989200.0,1
2871.0,282690.0,0
2872.0,751860.0,0
2873.0,5718090.0,1
2874.0,490900.0,0
2875.0,695710.0,0
2876.0,2463230.0,1
2877.0,359800.0,0
2878.0,910470.0,0
2879.0,794910.0,0
2880.0,304160.0,0
2881.0,41800.0,0
2882.0,153510.0,0
2883.0,414490.0,0
2884.0,672290.0,0
2885.0,2694510.0,1
2886.0,64710.0,0
2887.0,776850.0,0
2888.0,1594260.0,0
2890.0,1236150.0,0
2891.0,896180.0,0
2892.0,872640.0,0
2893.0,887460.0,0
2894.0,396650.0,0
2895.0,137970.0,0
2896.0,2823870.0,1
2897.0,651090.0,0
2898.0,566670.0,0
2900.0,2568230.0,1
2901.0,186890.0,0
2902.0,154150.0,0
2903.0,3905380.0,1
2904.0,290000.0,0
2905.0,191520.0,0
2906.0,386770.0,0
2907.0,363700.0,0
2908.0,906660.0,0
2910.0,2540230.0,1
2911.0,456750.0,0
2912.0,5808740.0,1
2913.0,184140.0,0
2914.0,341820.0,0
2915.0,1833600.0,0
2916.0,530360.0,0
2918.0,1031720.0,0
2919.0,149250.0,0
2920.0,128820.0,0
2921.0,5649470.0,1
2922.0,13980.0,0
2924.0,3281160.0,1
2925.0,5700.0,0
2926.0,1531600.0,0
2927.0,526090.0,0
2928.0,287820.0,0
2929.0,128570.0,0
2930.0,33400.0,0
2931.0,655920.0,0
2932.0,87780.0,0
2933.0,16310.0,0
2934.0,332900.0,0
2935.0,201260.0,0
2936.0,170380.0,0
2937.0,667200.0,0
2938.0,167970.0,0
2939.0,230500.0,0
2940.0,485650.0,0
2941.0,110180.0,0
2942.0,523080.0,0
2943.0,555680.0,0
2944.0,503910.0,0
2945.0,215580.0,0
2946.0,763680.0,0
2947.0,3435150.0,1
2948.0,520690.0,0
2949.0,378650.0,0
2950.0,9320.0,0
2951.0,239900.0,0
2953.0,1150260.0,0
2954.0,143920.0,0
2955.0,1403610.0,0
2957.0,1362230.0,0
2958.0,289390.0,0
2959.0,105240.0,0
2960.0,19860.0,0
2961.0,166930.0,0
2962.0,7929951.56,2
2963.0,113840.0,0
2964.0,824670.0,0
2965.0,7479410.0,2
2966.0,935740.0,0
2967.0,741690.0,0
2968.0,855580.0,0
2969.0,65280.0,0
2970.0,1388310.0,0
2971.0,794880.0,0
2972.0,113940.0,0
2973.0,1079460.0,0
2974.0,878220.0,0
2975.0,1488940.0,0
2977.0,225610.0,0
2979.0,286110.0,0
2980.0,95960.0,0
2981.0,147840.0,0
2982.0,1161190.0,0
2983.0,537790.0,0
2984.0,1100680.0,0
2985.0,657810.0,0
2986.0,2047230.0,1
2988.0,89900.0,0
2989.0,914130.0,0
2990.0,1021110.0,0
2991.0,1456620.0,0
2992.0,279500.0,0
2994.0,481770.0,0
2996.0,290960.0,0
2997.0,667710.0,0
2998.0,265620.0,0
2999.0,751140.0,0
3000.0,792860.0,0
3003.0,271180.0,0
3004.0,215280.0,0
3005.0,15400.0,0
3006.0,535160.0,0
3007.0,308650.0,0
3008.0,251720.0,0
3009.0,113940.0,0
3010.0,4973000.0,1
3012.0,37640.0,0
3013.0,358310.0,0
3014.0,2605330.0,1
3015.0,6582010.0,1
3016.0,7009770.0,1
3017.0,36300.0,0
3018.0,517110.0,0
3019.0,21430.0,0
3021.0,1239210.0,0
3022.0,789210.0,0
3023.0,779160.0,0
3024.0,33980.0,0
3025.0,173420.0,0
3026.0,1307410.0,0
3027.0,667750.0,0
3028.0,41940.0,0
3029.0,2159350.0,1
3030.0,192340.0,0
3031.0,1865360.0,0
3032.0,2622950.0,1
3033.0,604600.0,0
3034.0,231710.0,0
3035.0,335400.0,0
3037.0,1599360.0,0
3038.0,87920.0,0
3039.0,181740.0,0
3040.0,3775750.0,1
3041.0,334690.0,0
3042.0,653240.0,0
3043.0,1169740.0,0
3045.0,2447320.0,1
3046.0,22800.0,0
3047.0,638660.0,0
3048.0,335410.0,0
3049.0,392120.0,0
3050.0,448160.0,0
3051.0,122590.0,0
3052.0,709260.0,0
3053.0,327330.0,0
3054.0,727720.0,0
3055.0,95940.0,0
3056.0,198120.0,0
3057.0,142030.0,0
3059.0,121140.0,0
3060.0,40950.0,0
3061.0,559900.0,0
3062.0,5148290.0,1
3063.0,125920.0,0
3064.0,167870.0,0
3065.0,1518440.0,0
3066.0,3101320.0,1
3067.0,11558122.2,2
3068.0,205470.0,0
3070.0,215760.0,0
3071.0,981710.0,0
3072.0,111220.0,0
3073.0,3343760.0,1
3075.0,328500.0,0
3076.0,335940.0,0
3077.0,484820.0,0
3078.0,290960.0,0
3079.0,2861370.0,1
3080.0,40950.0,0
3081.0,203880.0,0
3082.0,421780.0,0
3083.0,779700.0,0
3085.0,550710.0,0
3086.0,484000.0,0
3087.0,929700.0,0
3088.0,211780.0,0
3089.0,643670.0,0
3090.0,370870.0,0
3091.0,259610.0,0
3092.0,145450.0,0
3093.0,101830.0,0
3094.0,395270.0,0
3095.0,433500.0,0
3096.0,315510.0,0
3097.0,2005260.0,1
3098.0,181850.0,0
3099.0,846550.0,0
3100.0,631520.0,0
3101.0,4458650.0,1
3102.0,380220.0,0
3103.0,264940.0,0
3104.0,615240.0,0
3105.0,188910.0,0
3106.0,446200.0,0
3107.0,131980.0,0
3109.0,591300.0,0
3110.0,1439600.0,0
3111.0,615890.0,0
3112.0,248440.0,0
3113.0,374950.0,0
3115.0,263940.0,0
3116.0,2837590.0,1
3117.0,15180.0,0
3118.0,239960.0,0
3119.0,1374340.0,0
3121.0,8396981.68,2
3123.0,395670.0,0
3124.0,106150.0,0
3126.0,50970.0,0
3127.0,676400.0,0
3128.0,108950.0,0
3129.0,885840.0,0
3130.0,261920.0,0
3131.0,1099630.0,0
3132.0,121740.0,0
3133.0,2370300.0,1
3134.0,11400.0,0
3135.0,2804910.0,1
3136.0,132180.0,0
3137.0,1727460.0,0
3138.0,1023680.0,0
3140.0,615060.0,0
3141.0,682500.0,0
3142.0,425260.0,0
3145.0,1254260.0,0
3146.0,363480.0,0
3148.0,764840.0,0
3149.0,93320.0,0
3151.0,67960.0,0
3152.0,200600.0,0
3153.0,294980.0,0
3154.0,789900.0,0
3155.0,543840.0,0
3156.0,606761.0,0
3157.0,341640.0,0
3158.0,578200.0,0
3159.0,1163390.0,0
3160.0,390770.0,0
3162.0,1340770.0,0
3163.0,1204690.0,0
3164.0,664650.0,0
3165.0,316970.0,0
3168.0,1140638.0,0
3169.0,400940.0,0
3170.0,340930.0,0
3171.0,240990.0,0
3172.0,999600.0,0
3174.0,406420.0,0
3175.0,228270.0,0
3176.0,379820.0,0
3178.0,349860.0,0
3179.0,1773410.0,0
3180.0,884200.0,0
3181.0,125140.0,0
3182.0,64570.0,0
3183.0,104940.0,0
3184.0,609900.0,0
3185.0,958720.0,0
3186.0,25630.0,0
3187.0,161460.0,0
3188.0,1024390.0,0
3189.0,302300.0,0
3190.0,3569000.0,1
3191.0,202060.0,0
3192.0,382320.0,0
3193.0,19800.0,0
3194.0,186890.0,0
3195.0,715044.0,0
3196.0,2399220.0,1
3197.0,481190.0,0
3198.0,597740.0,0
3199.0,325050.0,0
3200.0,631890.0,0
3201.0,483180.0,0
3203.0,3759320.0,1
3204.0,1520670.0,0
3205.0,166540.0,0
3206.0,262950.0,0
3207.0,268550.0,0
3208.0,516890.0,0
3209.0,135920.0,0
3210.0,155940.0,0
3211.0,547900.0,0
3212.0,1539450.0,0
3213.0,1279690.0,0
3214.0,153380.0,0
3215.0,1608900.0,0
3216.0,22000.0,0
3217.0,2021160.0,1
3218.0,4526510.0,1
3219.0,111930.0,0
3220.0,1226360.0,0
3221.0,1080120.0,0
3222.0,892400.0,0
3223.0,417340.0,0
3224.0,13171383.42,2
3225.0,1018950.0,0
3226.0,134970.0,0
3227.0,472340.0,0
3228.0,14671302.94,2
3230.0,232420.0,0
3231.0,349950.0,0
3232.0,218010.0,0
3233.0,3350490.0,1
3234.0,7191522.08,2
3235.0,317700.0,0
3237.0,4109210.0,1
3238.0,490990.0,0
3239.0,2966570.0,1
3240.0,584110.0,0
3241.0,385700.0,0
3242.0,1567440.0,0
3243.0,22800.0,0
3244.0,317200.0,0
3245.0,501310.0,0
3246.0,935320.0,0
3247.0,945740.0,0
3248.0,22000.0,0
3249.0,575880.0,0
3250.0,569640.0,0
3251.0,139920.0,0
3252.0,2114360.0,1
3253.0,2850210.0,1
3254.0,187500.0,0
3255.0,777180.0,0
3256.0,4044410.0,1
3257.0,1718330.0,0
3258.0,391720.0,0
3259.0,834700.0,0
3260.0,1827240.0,0
3261.0,5624391.26,1
3262.0,1960880.0,1
3263.0,89950.0,0
3264.0,10712613.36,2
3267.0,649750.0,0
3268.0,3759220.0,1
3269.0,1120870.0,0
3270.0,2339480.0,1
3271.0,391680.0,0
3272.0,12600.0,0
3273.0,71340.0,0
3274.0,51260.0,0
3275.0,9063700.0,2
3276.0,775600.0,0
3277.0,719260.0,0
3278.0,496915.0,0
3279.0,299750.0,0
3281.0,7600.0,0
3282.0,9500.0,0
3284.0,3446510.0,1
3285.0,59360.0,0
3286.0,5700.0,0
3288.0,225210.0,0
3289.0,18990.0,0
3290.0,465900.0,0
3291.0,147840.0,0
3293.0,325050.0,0
3294.0,107430.0,0
3295.0,679380.0,0
3296.0,111980.0,0
3297.0,165900.0,0
3298.0,44990.0,0
3299.0,15200.0,0
3300.0,1625990.0,0
3301.0,474640.0,0
3302.0,545660.0,0
3303.0,399620.0,0
3304.0,1269270.0,0
3305.0,156770.0,0
3306.0,2189450.0,1
3307.0,1224510.0,0
3308.0,587260.0,0
3310.0,280640.0,0
3312.0,180900.0,0
3314.0,62930.0,0
3315.0,135860.0,0
3316.0,2063520.0,1
3317.0,2949430.0,1
3318.0,2072340.0,1
3319.0,3217360.0,1
3320.0,832500.0,0
3321.0,135660.0,0
3322.0,9320.0,0
3324.0,14280.0,0
3325.0,135920.0,0
3326.0,651850.0,0
3327.0,322860.0,0
3328.0,15200.0,0
3330.0,785340.0,0
3331.0,659400.0,0
3332.0,105850.0,0
3333.0,824180.0,0
3334.0,549830.0,0
3335.0,2082450.0,1
3336.0,760370.0,0
3338.0,212210.0,0
3339.0,1103860.0,0
3340.0,258020.0,0
3341.0,841600.0,0
3342.0,1124430.0,0
3343.0,108780.0,0
3344.0,447920.0,0
3345.0,47760.0,0
3346.0,982510.0,0
3347.0,924630.0,0
3348.0,293760.0,0
3349.0,671880.0,0
3350.0,575430.0,0
3351.0,2807220.0,1
3352.0,1298550.0,0
3353.0,8883630.0,2
3354.0,5305230.0,1
3355.0,285670.0,0
3356.0,11940.0,0
3357.0,640070.0,0
3358.0,717020.0,0
3359.0,109110.0,0
3360.0,323800.0,0
3361.0,1402750.0,0
3362.0,94080.0,0
3363.0,817670.0,0
3364.0,27650.0,0
3365.0,593460.0,0
3366.0,231880.0,0
3367.0,35740.0,0
3368.0,2252220.0,1
3369.0,39600.0,0
3370.0,1518410.0,0
3371.0,461790.0,0
3373.0,768690.0,0
3375.0,88650.0,0
3376.0,59990.0,0
3377.0,659640.0,0
3378.0,4714070.0,1
3379.0,480620.0,0
3380.0,197780.0,0
3381.0,166410.0,0
3382.0,125790.0,0
3383.0,293760.0,0
3384.0,2683310.0,1
3386.0,22770.0,0
3387.0,427050.0,0
3388.0,440100.0,0
3389.0,413770.0,0
3390.0,2828590.0,1
3391.0,1737080.0,0
3392.0,394940.0,0
3393.0,1287270.0,0
3394.0,1263680.0,0
3395.0,382320.0,0
3396.0,741690.0,0
3397.0,184900.0,0
3398.0,1378800.0,0
3399.0,1240840.0,0
3400.0,8580.0,0
3402.0,392330.0,0
3403.0,539730.0,0
3404.0,89950.0,0
3405.0,486460.0,0
3407.0,925620.0,0
3408.0,1015400.0,0
3409.0,4660.0,0
3410.0,2249500.0,1
3412.0,1224510.0,0
3413.0,323910.0,0
3414.0,143920.0,0
3415.0,3754930.0,1
3416.0,233910.0,0
3417.0,467050.0,0
3418.0,254850.0,0
3419.0,1691530.0,0
3420.0,311610.0,0
3421.0,671880.0,0
3422.0,1911450.0,1
3423.0,24700.0,0
3424.0,1367670.0,0
3426.0,113940.0,0
3427.0,2344500.0,1
3428.0,788960.0,0
3429.0,445400.0,0
3430.0,753710.0,0
3431.0,125930.0,0
3432.0,455770.0,0
3433.0,5074590.0,1
3434.0,308300.0,0
3435.0,2434910.0,1
3436.0,542720.0,0
3437.0,1793680.0,0
3438.0,2670020.0,1
3439.0,236400.0,0
3440.0,1007140.0,0
3441.0,271970.0,0
3442.0,1644080.0,0
3443.0,413540.0,0
3444.0,511700.0,0
3445.0,293100.0,0
3446.0,541740.0,0
3447.0,377940.0,0
3448.0,391930.0,0
3449.0,2257190.0,1
3450.0,3425760.0,1
3451.0,549610.0,0
3452.0,710920.0,0
3453.0,620770.0,0
3455.0,705350.0,0
3456.0,59430.0,0
3457.0,531210.0,0
3458.0,762530.0,0
3459.0,72740.0,0
3460.0,411560.0,0
3461.0,458110.0,0
3462.0,853340.0,0
3463.0,3718740.0,1
3464.0,150990.0,0
3466.0,729890.0,0
3467.0,1066460.0,0
3468.0,170970.0,0
3469.0,446200.0,0
3470.0,217970.0,0
3471.0,710580.0,0
3472.0,2117420.0,1
3475.0,72740.0,0
3476.0,457670.0,0
3477.0,279960.0,0
3478.0,251720.0,0
3479.0,2177330.0,1
3480.0,890960.0,0
3481.0,2422730.0,1
3483.0,108360.0,0
3484.0,491350.0,0
3485.0,363700.0,0
3486.0,2483310.0,1
3487.0,1007790.0,0
3488.0,3420470.0,1
3489.0,713640.0,0
3490.0,559900.0,0
3491.0,4814040.0,1
3492.0,894350.0,0
3493.0,103480.0,0
3494.0,313280.0,0
3496.0,175200.0,0
3497.0,184100.0,0
3498.0,41940.0,0
3499.0,10773263.84,2
3500.0,414980.0,0
3501.0,22770.0,0
3502.0,40950.0,0
3503.0,37560.0,0
3504.0,446600.0,0
3506.0,2131020.0,1
3507.0,949620.0,0
3508.0,1637780.0,0
3509.0,878820.0,0
3510.0,1485000.0,0
3511.0,2532060.0,1
3512.0,360810.0,0
3513.0,1001580.0,0
3514.0,664130.0,0
3516.0,263780.0,0
3517.0,3932430.0,1
3518.0,832800.0,0
3519.0,132230.0,0
3520.0,19800.0,0
3521.0,246640.0,0
3523.0,533830.0,0
3524.0,795730.0,0
3525.0,569970.0,0
3527.0,1147590.0,0
3528.0,1601400.0,0
3529.0,3254770.0,1
3530.0,1569080.0,0
3531.0,276220.0,0
3532.0,251620.0,0
3533.0,114240.0,0
3534.0,1759410.0,0
3535.0,131400.0,0
3536.0,643230.0,0
3537.0,2717150.0,1
3538.0,65940.0,0
3539.0,1135960.0,0
3540.0,782130.0,0
3541.0,109110.0,0
3542.0,550710.0,0
3543.0,45050.0,0
3545.0,14280.0,0
3546.0,345730.0,0
3547.0,15400.0,0
3548.0,2207120.0,1
3549.0,2023140.0,1
3550.0,414600.0,0
3551.0,173460.0,0
3552.0,3126790.0,1
3554.0,18640.0,0
3555.0,310760.0,0
3556.0,1648840.0,0
3557.0,3705910.0,1
3558.0,405420.0,0
3560.0,3559100.0,1
3561.0,353040.0,0
3562.0,7600.0,0
3563.0,701540.0,0
3564.0,5055780.0,1
3565.0,269700.0,0
3566.0,278000.0,0
3567.0,22000.0,0
3568.0,145920.0,0
3569.0,199600.0,0
3570.0,446200.0,0
3571.0,1658170.0,0
3572.0,140910.0,0
3573.0,2267370.0,1
3574.0,24700.0,0
3575.0,1699320.0,0
3576.0,61960.0,0
3577.0,1269920.0,0
3578.0,700160.0,0
3579.0,415870.0,0
3580.0,611660.0,0
3581.0,5096310.0,1
3582.0,906980.0,0
3583.0,635800.0,0
3584.0,649740.0,0
3585.0,600070.0,0
3586.0,5150390.0,1
3587.0,56970.0,0
3588.0,177390.0,0
3590.0,1429240.0,0
3591.0,1453410.0,0
3592.0,313680.0,0
3593.0,94950.0,0
3595.0,779970.0,0
3596.0,620520.0,0
3597.0,1888920.0,0
3598.0,6042650.0,1
3599.0,3052290.0,1
3600.0,279950.0,0
3601.0,35960.0,0
3602.0,637690.0,0
3603.0,302890.0,0
3604.0,6109720.0,1
3606.0,1868900.0,0
3607.0,17980.0,0
3608.0,18640.0,0
3609.0,495640.0,0
3610.0,2673860.0,1
3611.0,315820.0,0
3612.0,4331900.84,1
3613.0,24950.0,0
3614.0,167940.0,0
3615.0,209650.0,0
3616.0,67920.0,0
3617.0,1359020.0,0
3618.0,1334440.0,0
3619.0,11650.0,0
3620.0,1934570.0,1
3621.0,342720.0,0
3622.0,322560.0,0
3623.0,237250.0,0
3625.0,43680.0,0
3626.0,3208300.0,1
3628.0,5508450.0,1
3630.0,395940.0,0
3631.0,1603290.0,0
3632.0,61530.0,0
3633.0,463740.0,0
3634.0,1900.0,0
3635.0,89950.0,0
3636.0,711750.0,0
3637.0,404860.0,0
3638.0,135920.0,0
3639.0,279950.0,0
3640.0,5448600.0,1
3641.0,242730.0,0
3642.0,1856160.0,0
3643.0,555290.0,0
3644.0,964530.0,0
3645.0,314580.0,0
3647.0,501630.0,0
3648.0,2619720.0,1
3649.0,418150.0,0
3652.0,988920.0,0
3653.0,499900.0,0
3654.0,2479880.0,1
3655.0,711600.0,0
3656.0,1727680.0,0
3657.0,1181040.0,0
3662.0,649750.0,0
3663.0,362710.0,0
3664.0,55720.0,0
3667.0,1653900.0,0
3668.0,224910.0,0
3669.0,305820.0,0
3670.0,1392150.0,0
3671.0,882220.0,0
3672.0,420840.0,0
3673.0,1424660.0,0
3674.0,362570.0,0
3675.0,1900.0,0
3677.0,189520.0,0
3678.0,1051360.0,0
3679.0,106210.0,0
3680.0,6600.0,0
3681.0,101940.0,0
3682.0,890721.0,0
3683.0,674790.0,0
3684.0,341820.0,0
3686.0,407760.0,0
3687.0,8134680.0,2
3688.0,619470.0,0
3691.0,265060.0,0
3692.0,43140.0,0
3693.0,1098940.0,0
3694.0,391740.0,0
3695.0,3732840.0,1
3696.0,88650.0,0
3697.0,443250.0,0
3698.0,195720.0,0
3699.0,393690.0,0
3700.0,538140.0,0
3702.0,397480.0,0
3704.0,11220.0,0
3705.0,1424560.0,0
3706.0,63680.0,0
3707.0,13300.0,0
3708.0,864780.0,0
3709.0,1926090.03,1
3713.0,218500.0,0
3714.0,445138.0,0
3715.0,184980.0,0
3716.0,1782680.0,0
3717.0,412500.0,0
3718.0,4272080.0,1
3719.0,600940.0,0
3720.0,549200.0,0
3721.0,645620.0,0
3722.0,210740.0,0
3723.0,1019660.0,0
3724.0,467740.0,0
3725.0,266700.0,0
3726.0,143640.0,0
3727.0,463410.0,0
3728.0,385360.0,0
3729.0,972020.0,0
3730.0,135920.0,0
3733.0,118260.0,0
3734.0,1511340.0,0
3735.0,413770.0,0
3736.0,1565130.0,0
3737.0,1640300.0,0
3738.0,863760.0,0
3739.0,2093530.0,1
3740.0,2049480.0,1
3741.0,116930.0,0
3742.0,845580.0,0
3743.0,1021690.0,0
3744.0,151780.0,0
3745.0,1673490.0,0
3746.0,418170.0,0
3747.0,3800.0,0
3748.0,1110530.0,0
3749.0,167760.0,0
3750.0,545740.0,0
3751.0,4556940.0,1
3752.0,7600.0,0
3753.0,1049500.0,0
3754.0,4886080.0,1
3755.0,855340.0,0
3756.0,2325600.0,1
3757.0,251450.0,0
3758.0,854650.0,0
3759.0,413820.0,0
3760.0,2504330.0,1
3761.0,33980.0,0
3762.0,233160.0,0
3763.0,171950.0,0
3764.0,87600.0,0
3765.0,1203570.0,0
3768.0,2015440.0,1
3769.0,591590.0,0
3770.0,604890.0,0
3771.0,1404990.0,0
3772.0,8800.0,0
3773.0,195920.0,0
3775.0,242730.0,0
3776.0,152910.0,0
3778.0,632700.0,0
3780.0,936030.0,0
3781.0,596630.0,0
3782.0,133170.0,0
3783.0,467860.0,0
3784.0,498075.0,0
3785.0,249750.0,0
3786.0,2325100.0,1
3787.0,146320.0,0
3788.0,1583560.0,0
3789.0,2985810.0,1
3790.0,4333720.0,1
3791.0,86280.0,0
3792.0,6899529.42,1
3793.0,1234620.0,0
3794.0,5533850.0,1
3795.0,139750.0,0
3796.0,1289280.0,0
3797.0,223720.0,0
3798.0,743840.0,0
3799.0,7295550.42,2
3800.0,56960.0,0
3801.0,62690.0,0
3802.0,350730.0,0
3803.0,156340.0,0
3804.0,539460.0,0
3805.0,202900.0,0
3806.0,251790.0,0
3808.0,1430780.0,0
3809.0,134970.0,0
3810.0,154560.0,0
3811.0,210400.0,0
3812.0,558180.0,0
3813.0,16491401.56,2
3814.0,56970.0,0
3815.0,216720.0,0
3816.0,1217420.0,0
3818.0,1431820.0,0
3820.0,3555990.0,1
3821.0,651730.0,0
3822.0,87920.0,0
3823.0,972350.0,0
3824.0,81160.0,0
3825.0,20900.0,0
3826.0,543440.0,0
3827.0,531730.0,0
3828.0,138300.0,0
3829.0,390600.0,0
3830.0,1364440.0,0
3831.0,2160060.0,1
3832.0,579540.0,0
3833.0,246870.0,0
3834.0,925660.0,0
3835.0,467480.0,0
3836.0,797000.0,0
3838.0,591540.0,0
3839.0,2302560.0,1
3840.0,699720.0,0
3841.0,25200.0,0
3842.0,87600.0,0
3843.0,7600.0,0
3844.0,205080.0,0
3845.0,204900.0,0
3846.0,2188280.0,1
3847.0,359640.0,0
3848.0,279600.0,0
3849.0,79950.0,0
3850.0,1117080.0,0
3852.0,277500.0,0
3853.0,703930.0,0
3854.0,1803400.0,0
3856.0,218250.0,0
3857.0,3721100.0,1
3858.0,3800.0,0
3859.0,1524390.0,0
3860.0,570600.0,0
3861.0,392250.0,0
3862.0,324870.0,0
3863.0,223960.0,0
3864.0,159604.0,0
3865.0,5554392.73,1
3866.0,1997360.0,1
3867.0,150890.0,0
3868.0,189990.0,0
3870.0,11640.0,0
3871.0,18360.0,0
3873.0,1213290.0,0
3874.0,273150.0,0
3875.0,7890190.84,2
3876.0,1934570.0,1
3877.0,626900.0,0
3878.0,118260.0,0
3879.0,311740.0,0
3880.0,3536850.0,1
3882.0,320040.0,0
3883.0,98920.0,0
3884.0,456350.0,0
3885.0,291420.0,0
3886.0,28570.0,0
3887.0,430920.0,0
3888.0,785850.0,0
3889.0,77190.0,0
3890.0,1103920.0,0
3891.0,241800.0,0
3892.0,314860.0,0
3893.0,20970.0,0
3894.0,1307560.0,0
3895.0,94080.0,0
3896.0,167760.0,0
3897.0,1698750.0,0
3898.0,517020.0,0
3900.0,755060.0,0
3901.0,736200.0,0
3902.0,1262970.0,0
3903.0,1264580.0,0
3904.0,230670.0,0
3905.0,387450.0,0
3906.0,132580.0,0
3907.0,465020.0,0
3908.0,325200.0,0
3909.0,218220.0,0
3910.0,649200.0,0
3911.0,188540.0,0
3912.0,1016550.0,0
3913.0,503910.0,0
3914.0,335790.0,0
3915.0,167340.0,0
3916.0,282320.0,0
3917.0,1027070.0,0
3918.0,6249470.84,1
3919.0,294910.0,0
3920.0,3091230.0,1
3921.0,606200.0,0
3922.0,143670.0,0
3923.0,364600.0,0
3924.0,831410.0,0
3925.0,181850.0,0
3926.0,272500.0,0
3927.0,1775400.0,0
3929.0,454260.0,0
3930.0,353720.0,0
3931.0,925330.0,0
3932.0,15200.0,0
3933.0,389940.0,0
3934.0,152910.0,0
3935.0,995130.0,0
3936.0,1349460.0,0
3937.0,1200160.0,0
3938.0,12021311.18,2
3939.0,1385360.0,0
3940.0,32080.0,0
3941.0,127960.0,0
3942.0,659160.0,0
3943.0,2660420.0,1
3944.0,509730.0,0
3945.0,305480.0,0
3946.0,211270.0,0
3947.0,1299620.0,0
3948.0,737540.0,0
3950.0,65280.0,0
3951.0,461100.0,0
3952.0,370860.0,0
3953.0,1306640.0,0
3954.0,21910.0,0
3955.0,439780.0,0
3956.0,609820.0,0
3957.0,329220.0,0
3958.0,18360.0,0
3959.0,181380.0,0
3960.0,94950.0,0
3961.0,2002660.0,1
3962.0,161140.0,0
3963.0,313480.0,0
3964.0,238500.0,0
3965.0,3029310.0,1
3966.0,101940.0,0
3967.0,39610.0,0
3968.0,4727870.0,1
3969.0,109650.0,0
3970.0,199500.0,0
3971.0,1949800.0,1
3972.0,11400.0,0
3973.0,703780.0,0
3974.0,503920.0,0
3975.0,425660.0,0
3976.0,517120.0,0
3977.0,39760.0,0
3978.0,231010.0,0
3979.0,161910.0,0
3980.0,69860.0,0
3981.0,305930.0,0
3983.0,659950.0,0
3984.0,721440.0,0
3985.0,4661260.0,1
3986.0,781990.0,0
3987.0,255960.0,0
3988.0,118200.0,0
3989.0,62960.0,0
3990.0,4639770.0,1
3991.0,649690.0,0
3993.0,903180.0,0
3995.0,228910.0,0
3996.0,89950.0,0
3997.0,13580.0,0
3998.0,1188320.0,0
3999.0,4674500.0,1
4000.0,143940.0,0
4001.0,711280.0,0
4002.0,2146840.0,1
4004.0,146200.0,0
4005.0,2392040.0,1
4006.0,527890.0,0
4007.0,827640.0,0
4008.0,153810.0,0
4010.0,1129810.0,0
4012.0,612460.0,0
4014.0,355660.0,0
4015.0,1231560.0,0
4016.0,1113380.0,0
4017.0,143820.0,0
4018.0,1446380.0,0
4019.0,376710.0,0
4020.0,267710.0,0
4021.0,1199840.0,0
4022.0,806710.0,0
4023.0,678140.0,0
4024.0,1479450.0,0
4025.0,1261260.0,0
4026.0,131970.0,0
4027.0,767840.0,0
4028.0,417580.0,0
4029.0,2287260.0,1
4030.0,219000.0,0
4031.0,703180.0,0
4032.0,527400.0,0
4033.0,2751360.0,1
4034.0,1754610.0,0
4035.0,3356120.0,1
4036.0,669800.0,0
4037.0,187400.0,0
4038.0,569700.0,0
4039.0,162320.0,0
4041.0,413770.0,0
4042.0,2218890.0,1
4043.0,842990.0,0
4044.0,73710.0,0
4047.0,369960.0,0
4048.0,249830.0,0
4049.0,132930.0,0
4050.0,218220.0,0
4051.0,2422620.0,1
4053.0,946660.0,0
4054.0,209810.0,0
4055.0,191200.0,0
4056.0,323910.0,0
4059.0,1118670.0,0
4060.0,880560.0,0
4061.0,559630.0,0
4062.0,1099370.0,0
4063.0,19000.0,0
4064.0,322280.0,0
4065.0,427620.0,0
4066.0,151920.0,0
4067.0,1039350.0,0
4068.0,31240.0,0
4069.0,1889100.0,0
4070.0,766880.0,0
4071.0,3425340.0,1
4072.0,2907160.0,1
4073.0,491200.0,0
4074.0,313040.0,0
4075.0,143670.0,0
4076.0,424080.0,0
4077.0,2622600.0,1
4078.0,3023790.0,1
4079.0,541020.0,0
4081.0,925120.0,0
4082.0,363900.0,0
4084.0,139800.0,0
4085.0,460220.0,0
4086.0,2026680.0,1
4088.0,3741560.0,1
4089.0,201790.0,0
4090.0,284700.0,0
4092.0,115710.0,0
4093.0,193200.0,0
4094.0,653860.0,0
4095.0,1528770.0,0
4096.0,342640.0,0
4097.0,2024550.0,1
4098.0,461280.0,0
4099.0,8942291.66,2
4100.0,111000.0,0
4101.0,13930.0,0
4102.0,270570.0,0
4103.0,27280.0,0
4104.0,191280.0,0
4105.0,909600.0,0
4106.0,838560.0,0
4107.0,131890.0,0
4109.0,600720.0,0
4110.0,422700.0,0
4111.0,320210.0,0
4112.0,1264730.0,0
4113.0,1133400.0,0
4114.0,103960.0,0
4115.0,503910.0,0
4116.0,2519440.0,1
4117.0,289420.0,0
4118.0,535260.0,0
4119.0,999600.0,0
4120.0,33540.0,0
4121.0,1180970.0,0
4122.0,34200.0,0
4123.0,201240.0,0
4124.0,19900.0,0
4125.0,536050.0,0
4126.0,251960.0,0
4127.0,592850.0,0
4129.0,101940.0,0
4130.0,2303640.0,1
4131.0,1700760.0,0
4132.0,767520.0,0
4133.0,100720.0,0
4135.0,342570.0,0
4136.0,233070.0,0
4137.0,1202100.0,0
4138.0,688000.0,0
4139.0,284700.0,0
4140.0,351440.0,0
4141.0,82760.0,0
4143.0,1879360.0,0
4144.0,20970.0,0
4145.0,16120.0,0
4146.0,315500.0,0
4147.0,5700.0,0
4148.0,55270.0,0
4149.0,151080.0,0
4150.0,1889580.0,0
4151.0,138120.0,0
4152.0,91690.0,0
4153.0,2609640.0,1
4154.0,40320.0,0
4155.0,1474410.0,0
4156.0,30760.0,0
4157.0,765330.0,0
4158.0,299610.0,0
4159.0,34950.0,0
4160.0,123670.0,0
4161.0,278690.0,0
4162.0,248610.0,0
4163.0,879660.0,0
4164.0,356300.0,0
4165.0,343820.0,0
4167.0,71970.0,0
4168.0,343930.0,0
4169.0,561140.0,0
4170.0,593930.0,0
4171.0,391440.0,0
4172.0,1084610.0,0
4173.0,1020520.0,0
4174.0,629680.0,0
4175.0,783480.0,0
4176.0,585690.0,0
4177.0,1899900.0,0
4178.0,825020.0,0
4179.0,7601811.08,2
4180.0,123380.0,0
4181.0,512910.0,0
4182.0,111980.0,0
4183.0,138250.0,0
4184.0,1157850.0,0
4186.0,931800.0,0
4187.0,1211290.0,0
4188.0,2024550.0,1
4189.0,401110.0,0
4190.0,87600.0,0
4191.0,132930.0,0
4192.0,391240.0,0
4194.0,493220.0,0
4195.0,941060.0,0
4196.0,7208610.84,2
4197.0,1439270.0,0
4198.0,949380.0,0
4199.0,7590.0,0
4200.0,1525290.0,0
4201.0,463830.0,0
4203.0,889300.0,0
4204.0,1951460.0,1
4205.0,432080.0,0
4206.0,497220.0,0
4207.0,695910.0,0
4208.0,423000.0,0
4209.0,148260.0,0
4210.0,990550.0,0
4211.0,1169520.0,0
4212.0,399510.0,0
4214.0,97600.0,0
4216.0,622110.0,0
4217.0,2274090.0,1
4218.0,427920.0,0
4220.0,414110.0,0
4221.0,1511580.0,0
4223.0,707110.0,0
4224.0,113940.0,0
4225.0,501210.0,0
4226.0,594000.0,0
4227.0,3203110.0,1
4228.0,266840.0,0
4229.0,1024530.0,0
4230.0,199505.0,0
4231.0,1750730.0,0
4233.0,251640.0,0
4234.0,623760.0,0
4235.0,586530.0,0
4236.0,794210.0,0
4237.0,725480.0,0
4239.0,25630.0,0
4240.0,1111980.0,0
4241.0,310700.0,0
4243.0,254880.0,0
4244.0,81600.0,0
4246.0,874650.0,0
4247.0,2360730.82,1
4248.0,728190.0,0
4249.0,253420.0,0
4250.0,95920.0,0
4251.0,11940.0,0
4253.0,127080.0,0
4254.0,740050.0,0
4255.0,499530.0,0
4256.0,197780.0,0
4259.0,28500.0,0
4260.0,99960.0,0
4261.0,1190820.0,0
4262.0,1439600.0,0
4263.0,197890.0,0
4264.0,632010.0,0
4265.0,7600.0,0
4266.0,292470.0,0
4267.0,145340.0,0
4268.0,44720.0,0
4269.0,296640.0,0
4270.0,637650.0,0
4271.0,2212160.0,1
4272.0,84720.0,0
4273.0,1895280.0,0
4274.0,2688314.0,1
4275.0,447720.0,0
4277.0,430710.0,0
4278.0,335890.0,0
4279.0,2260800.0,1
4280.0,1692580.0,0
4281.0,590430.0,0
4282.0,395560.0,0
4284.0,188730.0,0
4285.0,697670.0,0
4286.0,944200.0,0
4287.0,138120.0,0
4289.0,1924230.0,1
4290.0,363600.0,0
4292.0,793640.0,0
4293.0,5700.0,0
4294.0,921680.0,0
4295.0,447840.0,0
4296.0,215890.0,0
4297.0,228680.0,0
4298.0,153683.0,0
4299.0,631960.0,0
4300.0,391200.0,0
4302.0,2934430.0,1
4303.0,444180.0,0
4304.0,464260.0,0
4305.0,1663080.0,0
4306.0,385590.0,0
4307.0,1439200.0,0
4308.0,427050.0,0
4309.0,570420.0,0
4311.0,5057740.0,1
4312.0,1007060.0,0
4313.0,4249030.0,1
4314.0,56970.0,0
4316.0,1256900.0,0
4318.0,1435300.0,0
4319.0,17600.0,0
4320.0,1345360.0,0
4321.0,828880.0,0
4322.0,77870.0,0
4323.0,335690.0,0
4324.0,1249900.0,0
4325.0,961630.0,0
4326.0,207740.0,0
4327.0,1059470.0,0
4328.0,203640.0,0
4330.0,134850.0,0
4331.0,185090.0,0
4332.0,338890.0,0
4333.0,118260.0,0
4335.0,165900.0,0
4336.0,11400.0,0
4337.0,181850.0,0
4338.0,18990.0,0
4339.0,582410.0,0
4340.0,2751360.0,1
4341.0,469910.0,0
4343.0,503920.0,0
4344.0,1709620.0,0
4345.0,1577820.0,0
4346.0,480500.0,0
4347.0,770960.0,0
4348.0,744030.0,0
4349.0,13200.0,0
4350.0,4068630.0,1
4351.0,4063020.0,1
4352.0,125100.0,0
4353.0,236400.0,0
4354.0,1619550.0,0
4355.0,6990.0,0
4356.0,302300.0,0
4357.0,859560.0,0
4358.0,1130660.0,0
4359.0,573080.0,0
4360.0,712690.0,0
4361.0,162920.0,0
4362.0,131400.0,0
4363.0,2529540.0,1
4364.0,394560.0,0
4366.0,4331240.0,1
4367.0,352990.0,0
4368.0,351780.0,0
4369.0,365670.0,0
4370.0,181380.0,0
4371.0,1159340.0,0
4372.0,1018780.0,0
4373.0,910580.0,0
4374.0,1174120.0,0
4375.0,449900.0,0
4376.0,560670.0,0
4378.0,648420.0,0
4379.0,1115380.0,0
4380.0,899640.0,0
4381.0,372510.0,0
4382.0,551700.0,0
4383.0,2776250.0,1
4384.0,3939250.0,1
4385.0,107850.0,0
4386.0,152490.0,0
4387.0,841740.0,0
4388.0,4833390.0,1
4390.0,579206.0,0
4391.0,543320.0,0
4393.0,2987150.0,1
4394.0,617540.0,0
4395.0,3523340.0,1
4396.0,36720.0,0
4397.0,1119400.0,0
4398.0,1848520.0,0
4399.0,1539690.0,0
4400.0,199360.0,0
4401.0,1544230.0,0
4402.0,253220.0,0
4403.0,241620.0,0
4404.0,999500.0,0
4405.0,2916820.0,1
4406.0,195980.0,0
4407.0,2629310.0,1
4408.0,641160.0,0
4409.0,399510.0,0
4410.0,17100.0,0
4412.0,7021812.93,1
4414.0,899820.0,0
4415.0,3308470.0,1
4416.0,399010.0,0
4418.0,543980.0,0
4420.0,559900.0,0
4421.0,179900.0,0
4422.0,593340.0,0
4423.0,3899530.0,1
4424.0,2074870.0,1
4425.0,933200.0,0
4426.0,419760.0,0
4427.0,494910.0,0
4428.0,317070.0,0
4429.0,3892580.42,1
4431.0,67170.0,0
4432.0,30400.0,0
4433.0,1778520.0,0
4434.0,3461220.0,1
4435.0,519800.0,0
4438.0,223960.0,0
4439.0,503920.0,0
4440.0,27980.0,0
4441.0,4364030.0,1
4442.0,613380.0,0
4443.0,3653900.0,1
4444.0,67960.0,0
4445.0,1491720.0,0
4446.0,341900.0,0
4447.0,236400.0,0
4448.0,44910.0,0
4449.0,202520.0,0
4450.0,704060.0,0
4451.0,3160880.0,1
4452.0,2889080.0,1
4453.0,643360.0,0
4454.0,5631120.0,1
4456.0,89950.0,0
4457.0,2712210.0,1
4458.0,1146030.0,0
4459.0,610400.0,0
4460.0,1160610.0,0
4461.0,141050.0,0
4462.0,806620.0,0
4463.0,88650.0,0
4464.0,2784240.0,1
4465.0,923750.0,0
4466.0,3374180.0,1
4468.0,2520750.0,1
4469.0,431760.0,0
4470.0,559360.0,0
4471.0,935560.0,0
4472.0,4149170.0,1
4473.0,1079680.0,0
4474.0,2032750.0,1
4475.0,1014490.0,0
4476.0,49610.0,0
4477.0,1907370.0,0
4478.0,583930.0,0
4479.0,3932430.0,1
4480.0,1051970.0,0
4481.0,284250.0,0
4482.0,627120.0,0
4483.0,420800.0,0
4484.0,216810.0,0
4485.0,134970.0,0
4486.0,1366720.0,0
4487.0,111960.0,0
4488.0,988920.0,0
4489.0,529780.0,0
4490.0,447920.0,0
4491.0,2388160.0,1
4493.0,6014030.0,1
4494.0,210750.0,0
4495.0,996450.0,0
4496.0,3778300.0,1
4497.0,1694260.0,0
4498.0,58080.0,0
4499.0,1598760.0,0
4501.0,296770.0,0
4502.0,241020.0,0
4503.0,153770.0,0
4504.0,304920.0,0
4506.0,3118180.0,1
4507.0,876150.0,0
4508.0,449910.0,0
4509.0,308480.0,0
4510.0,131980.0,0
4511.0,8501820.0,2
4512.0,6928740.0,1
4513.0,361920.0,0
4514.0,338200.0,0
4516.0,624510.0,0
4517.0,2204700.0,1
4518.0,202930.0,0
4519.0,31980.0,0
4520.0,187530.0,0
4521.0,999500.0,0
4522.0,271660.0,0
4523.0,9000.0,0
4524.0,1615800.0,0
4525.0,14400.0,0
4526.0,152910.0,0
4527.0,488010.0,0
4528.0,1799600.0,0
4529.0,181160.0,0
4530.0,72740.0,0
4531.0,480580.0,0
4532.0,3288630.0,1
4533.0,727870.0,0
4534.0,262800.0,0
4535.0,97300.0,0
4536.0,89050.0,0
4538.0,15200.0,0
4539.0,89370.0,0
4540.0,16320.0,0
4541.0,270510.0,0
4542.0,2104570.0,1
4544.0,315820.0,0
4545.0,170910.0,0
4546.0,447920.0,0
4547.0,92200.0,0
4548.0,766100.0,0
4549.0,1583560.0,0
4550.0,9500.0,0
4551.0,3134280.0,1
4552.0,472310.0,0
4553.0,954740.0,0
4554.0,2643110.0,1
4555.0,174080.0,0
4556.0,1118190.0,0
4557.0,461460.0,0
4558.0,2894320.0,1
4559.0,1635020.0,0
4560.0,131460.0,0
4561.0,585850.0,0
4562.0,8427262.06,2
4563.0,646660.0,0
4564.0,197100.0,0
4567.0,338560.0,0
4568.0,142460.0,0
4570.0,189950.0,0
4571.0,603620.0,0
4572.0,2383240.0,1
4573.0,974610.0,0
4574.0,1013620.0,0
4575.0,645550.0,0
4577.0,481920.0,0
4578.0,138770.0,0
4579.0,1146960.0,0
4580.0,37950.0,0
4581.0,447000.0,0
4582.0,1364560.0,0
4583.0,530220.0,0
4584.0,224950.0,0
4585.0,1439600.0,0
4586.0,118200.0,0
4587.0,7009770.0,1
4588.0,295280.0,0
4589.0,859350.0,0
4590.0,53970.0,0
4591.0,749750.0,0
4592.0,99500.0,0
4593.0,119630.0,0
4594.0,3173540.0,1
4595.0,1227970.0,0
4597.0,184180.0,0
4598.0,709070.0,0
4599.0,89990.0,0
4600.0,143520.0,0
4601.0,2047200.0,1
4602.0,253120.0,0
4603.0,407880.0,0
4604.0,2818970.0,1
4605.0,222080.0,0
4606.0,799600.0,0
4607.0,768300.0,0
4608.0,13200.0,0
4609.0,206830.0,0
4610.0,431250.0,0
4611.0,301980.0,0
4612.0,10800.0,0
4614.0,1024590.0,0
4615.0,1058360.0,0
4616.0,5842730.0,1
4617.0,1142150.0,0
4618.0,125790.0,0
4619.0,800970.0,0
4620.0,497490.0,0
4621.0,3437250.0,1
4622.0,854340.0,0
4623.0,4288710.0,1
4624.0,7600.0,0
4625.0,419970.0,0
4628.0,80640.0,0
4629.0,211200.0,0
4630.0,398790.0,0
4631.0,115750.0,0
4632.0,144710.0,0
4633.0,461780.0,0
4634.0,377940.0,0
4635.0,11553910.76,2
4636.0,837090.0,0
4637.0,5235790.0,1
4639.0,215810.0,0
4640.0,454930.0,0
4641.0,1115690.0,0
4642.0,752430.0,0
4643.0,324770.0,0
4644.0,4033760.0,1
4645.0,90050.0,0
4646.0,789800.0,0
4647.0,3016290.0,1
4648.0,1722320.0,0
4649.0,205170.0,0
4650.0,418040.0,0
4651.0,18030083.13,2
4652.0,245400.0,0
4653.0,21180.0,0
4654.0,1637850.0,0
4655.0,678230.0,0
4656.0,309900.0,0
4657.0,1386030.0,0
4658.0,119700.0,0
4659.0,361140.0,0
4660.0,599760.0,0
4661.0,125930.0,0
4662.0,159600.0,0
4663.0,139390.0,0
4664.0,1979450.0,1
4665.0,144710.0,0
4666.0,1876240.0,0
4668.0,122980.0,0
4669.0,2396970.0,1
4670.0,539880.0,0
4672.0,1139430.0,0
4674.0,7275511.68,2
4675.0,1197780.0,0
4676.0,895840.0,0
4677.0,2367820.0,1
4678.0,568840.0,0
4679.0,32640.0,0
4680.0,212860.0,0
4681.0,1027520.0,0
4682.0,158370.0,0
4683.0,1032150.0,0
4684.0,111220.0,0
4685.0,772110.0,0
4686.0,292360.0,0
4687.0,2360060.0,1
4688.0,309770.0,0
4689.0,251000.0,0
4690.0,164340.0,0
4691.0,1995620.0,1
4692.0,1299750.0,0
4693.0,755730.0,0
4694.0,189400.0,0
4695.0,1756930.0,0
4696.0,719730.0,0
4697.0,839850.0,0
4698.0,2950480.0,1
4699.0,84660.0,0
4700.0,233970.0,0
4701.0,460040.0,0
4702.0,277060.0,0
4703.0,565620.0,0
4704.0,3947260.0,1
4705.0,47940.0,0
4706.0,181930.0,0
4707.0,1511580.0,0
4708.0,1133300.0,0
4709.0,2018330.0,1
4710.0,442170.0,0
4712.0,299880.0,0
4713.0,1045660.0,0
4714.0,307480.0,0
4715.0,422030.0,0
4716.0,1430550.0,0
4717.0,1175580.0,0
4718.0,1257420.0,0
4719.0,22800.0,0
4720.0,576510.0,0
4721.0,3190050.0,1
4722.0,81460.0,0
4723.0,46560.0,0
4724.0,58420.0,0
4725.0,254880.0,0
4726.0,3024450.0,1
4727.0,375060.0,0
4728.0,27160.0,0
4729.0,428760.0,0
4730.0,2536410.0,1
4731.0,99750.0,0
4732.0,379800.0,0
4733.0,76760.0,0
4734.0,2529540.0,1
4735.0,294830.0,0
4736.0,8887050.82,2
4737.0,1683400.0,0
4738.0,463395.0,0
4739.0,253220.0,0
4740.0,118200.0,0
4741.0,840090.0,0
4742.0,207740.0,0
4743.0,3380510.0,1
4744.0,2183780.0,1
4745.0,1053580.0,0
4746.0,846880.0,0
4747.0,972130.0,0
4748.0,5221800.0,1
4749.0,127230.0,0
4750.0,374080.0,0
4751.0,149940.0,0
4752.0,652900.0,0
4753.0,262130.0,0
4754.0,951440.0,0
4755.0,395640.0,0
4756.0,92900.0,0
4757.0,18796064.56,2
4758.0,222720.0,0
4759.0,277470.0,0
4760.0,1547570.0,0
4761.0,449910.0,0
4763.0,377820.0,0
4764.0,1198860.0,0
4765.0,57330.0,0
4766.0,805140.0,0
4767.0,261160.0,0
4768.0,11400.0,0
4769.0,673930.0,0
4770.0,803810.0,0
4771.0,2411330.0,1
4772.0,2815690.0,1
4773.0,149140.0,0
4774.0,458240.0,0
4775.0,1449360.0,0
4776.0,404910.0,0
4777.0,548900.0,0
4778.0,2267370.0,1
4779.0,810800.0,0
4780.0,16685992.1,2
4781.0,1750320.0,0
4783.0,449940.0,0
4784.0,429440.0,0
4785.0,67960.0,0
4786.0,4188150.0,1
4787.0,2935560.0,1
4788.0,56970.0,0
4789.0,350610.0,0
4791.0,1314660.0,0
4792.0,703570.0,0
4793.0,40700.0,0
4794.0,2800030.0,1
4795.0,1405360.0,0
4796.0,206910.0,0
4797.0,363000.0,0
4798.0,1469680.0,0
4799.0,109650.0,0
4800.0,565210.0,0
4801.0,9981180.0,2
4802.0,1110670.0,0
4803.0,279600.0,0
4805.0,571380.0,0
4806.0,1779520.0,0
4807.0,1143560.0,0
4808.0,1290120.0,0
4809.0,1314340.0,0
4810.0,3864250.0,1
4811.0,377940.0,0
4812.0,956760.0,0
4813.0,15650.0,0
4814.0,195720.0,0
4815.0,1054220.0,0
4816.0,363020.0,0
4817.0,354600.0,0
4818.0,569700.0,0
4819.0,152910.0,0
4820.0,1877530.0,0
4822.0,179960.0,0
4823.0,48960.0,0
4824.0,463710.0,0
4825.0,89950.0,0
4827.0,2290.0,0
4828.0,806760.0,0
4829.0,217590.0,0
4830.0,341350.0,0
4831.0,4226300.0,1
4832.0,679500.0,0
4833.0,254880.0,0
4834.0,461800.0,0
4835.0,230880.0,0
4836.0,13300.0,0
4837.0,44950.0,0
4838.0,17100.0,0
4839.0,3029440.0,1
4841.0,55560.0,0
4842.0,566190.0,0
4843.0,925930.0,0
4844.0,199920.0,0
4845.0,401700.0,0
4846.0,2931950.0,1
4847.0,801830.0,0
4848.0,930810.0,0
4849.0,2447020.0,1
4850.0,521730.0,0
4851.0,544260.0,0
4852.0,328160.0,0
4853.0,371690.0,0
4855.0,2465130.0,1
4856.0,6990.0,0
4857.0,401380.0,0
4858.0,2215540.0,1
4859.0,429610.0,0
4860.0,177390.0,0
4861.0,175420.0,0
4862.0,154690.0,0
4863.0,538090.0,0
4864.0,436440.0,0
4865.0,1219390.0,0
4866.0,683040.0,0
4867.0,441600.0,0
4868.0,11400.0,0
4869.0,1245850.0,0
4870.0,43800.0,0
4871.0,258630.0,0
4872.0,2358170.0,1
4873.0,341940.0,0
4874.0,415870.0,0
4875.0,122430.0,0
4876.0,108780.0,0
4877.0,156300.0,0
4878.0,748860.0,0
4879.0,2318920.0,1
4880.0,584463.0,0
4881.0,2257230.0,1
4882.0,488000.0,0
4883.0,512730.0,0
4884.0,524320.0,0
4885.0,885040.0,0
4886.0,830240.0,0
4887.0,1124550.0,0
4888.0,15200.0,0
4889.0,3778290.0,1
4890.0,2447320.0,1
4891.0,6338741.54,1
4892.0,19000.0,0
4893.0,2969340.0,1
4894.0,3999200.0,1
4895.0,881860.0,0
4896.0,37980.0,0
4897.0,709410.0,0
4899.0,643890.0,0
4900.0,101940.0,0
4901.0,265620.0,0
4903.0,170900.0,0
4904.0,1299350.0,0
4905.0,982310.0,0
4907.0,770090.0,0
4908.0,8320540.0,2
4910.0,659280.0,0
4911.0,350190.0,0
4912.0,183350.0,0
4913.0,12046600.0,2
4914.0,200840.0,0
4915.0,1007820.0,0
4916.0,1848140.0,0
4917.0,88150.0,0
4918.0,30290.0,0
4919.0,11400.0,0
4920.0,11400.0,0
4922.0,2249550.0,1
4923.0,9500.0,0
4924.0,1767330.0,0
4925.0,1601660.0,0
4926.0,250400.0,0
4927.0,184470.0,0
4928.0,2759570.0,1
4930.0,1549690.0,0
4931.0,656520.0,0
4932.0,2017020.0,1
4933.0,335720.0,0
4934.0,199920.0,0
4935.0,45770.0,0
4936.0,459090.0,0
4937.0,359070.0,0
4938.0,596740.0,0
4939.0,985940.0,0
4940.0,16320.0,0
4941.0,1147580.0,0
4942.0,299880.0,0
4943.0,9500.0,0
4944.0,695340.0,0
4945.0,519800.0,0
4946.0,84950.0,0
4947.0,3836200.0,1
4948.0,326620.0,0
4949.0,1680020.0,0
4950.0,4974270.0,1
4951.0,578250.0,0
4952.0,3591020.0,1
4953.0,1240720.0,0
4954.0,675730.0,0
4955.0,796650.0,0
4956.0,1809920.0,0
4957.0,273060.0,0
4958.0,173670.0,0
4959.0,828460.0,0
4960.0,488060.0,0
4962.0,135920.0,0
4963.0,701750.0,0
4964.0,257884.0,0
4965.0,149040.0,0
4966.0,151920.0,0
4967.0,2923950.0,1
4968.0,9500.0,0
4969.0,683730.0,0
4970.0,3818030.0,1
4972.0,188730.0,0
4973.0,1988000.0,1
4974.0,230110.0,0
4975.0,290960.0,0
4976.0,572600.0,0
4977.0,127920.0,0
4978.0,923680.0,0
4979.0,1547340.0,0
4980.0,577300.0,0
4981.0,295830.0,0
4983.0,233070.0,0
4984.0,195600.0,0
4985.0,323910.0,0
4986.0,79470.0,0
4987.0,53970.0,0
4989.0,1209250.0,0
4991.0,2144610.0,1
4992.0,504940.0,0
4993.0,69960.0,0
4994.0,303620.0,0
4995.0,2159520.0,1
4996.0,453420.0,0
4997.0,825850.0,0
4998.0,424320.0,0
4999.0,1124470.0,0
5000.0,864400.0,0
5001.0,651360.0,0
5002.0,4229060.0,1
5003.0,2283300.0,1
5004.0,1217420.0,0
5005.0,954190.0,0
5006.0,727870.0,0
5007.0,186890.0,0
5008.0,2348760.0,1
5009.0,550660.0,0
5010.0,531790.0,0
5011.0,187990.0,0
5012.0,407240.0,0
5013.0,831420.0,0
5014.0,159604.0,0
5015.0,463240.0,0
5017.0,132810.0,0
5018.0,872400.0,0
5019.0,901590.0,0
5020.0,755260.0,0
5021.0,26400.0,0
5023.0,11400.0,0
5024.0,76540.0,0
5025.0,56310.0,0
5026.0,212400.0,0
5027.0,7410520.0,2
5028.0,191880.0,0
5029.0,317880.0,0
5030.0,19000.0,0
5031.0,607680.0,0
5033.0,394160.0,0
5034.0,539760.0,0
5035.0,427050.0,0
5036.0,195420.0,0
5039.0,111980.0,0
5040.0,527890.0,0
5041.0,1072720.0,0
5042.0,791280.0,0
5043.0,119630.0,0
5044.0,724920.0,0
5045.0,71820.0,0
5046.0,129910.0,0
5047.0,1095640.0,0
5048.0,1539450.0,0
5049.0,1281700.0,0
5050.0,3095970.0,1
5051.0,1299500.0,0
5052.0,747850.0,0
5053.0,4391550.0,1
5054.0,1543160.0,0
5055.0,159900.0,0
5056.0,16380.0,0
5058.0,10519330.0,2
5059.0,1700670.0,0
5060.0,2363170.0,1
5061.0,778240.0,0
5062.0,1620300.0,0
5063.0,261510.0,0
5064.0,7646692.09,2
5065.0,577880.0,0
5066.0,2329650.0,1
5067.0,384530.0,0
5068.0,1017450.0,0
5069.0,6990.0,0
5070.0,423920.0,0
5071.0,139660.0,0
5072.0,805690.0,0
5073.0,2339480.0,1
5074.0,897340.0,0
5075.0,3369830.0,1
5076.0,411800.0,0
5077.0,5954800.0,1
5078.0,374870.0,0
5079.0,1828220.0,0
5080.0,3704260.0,1
5081.0,599800.0,0
5082.0,788840.0,0
5083.0,555830.0,0
5084.0,745420.0,0
5085.0,104650.0,0
5086.0,794009.0,0
5087.0,120350.0,0
5089.0,245400.0,0
5091.0,251910.0,0
5092.0,179960.0,0
5093.0,3066890.0,1
5094.0,319208.0,0
5095.0,179900.0,0
5096.0,255040.0,0
5097.0,3712500.0,1
5098.0,688220.0,0
5099.0,125390.0,0
5100.0,885040.0,0
5101.0,1029370.0,0
5102.0,35080.0,0
5103.0,15200.0,0
5104.0,233300.0,0
5105.0,1481340.0,0
5106.0,1035460.0,0
5107.0,1133350.0,0
5108.0,188730.0,0
5109.0,406710.0,0
5110.0,214570.0,0
5111.0,87720.0,0
5112.0,79840.0,0
5113.0,84720.0,0
5114.0,313820.0,0
5115.0,13580.0,0
5116.0,1979560.0,1
5117.0,1131260.0,0
5118.0,159604.0,0
5119.0,372680.0,0
5120.0,633180.0,0
5121.0,48960.0,0
5123.0,11400.0,0
5124.0,238920.0,0
5125.0,1238790.0,0
5126.0,305290.0,0
5127.0,2372850.0,1
5128.0,2758800.0,1
5129.0,251910.0,0
5130.0,335940.0,0
5131.0,2110770.0,1
5132.0,988920.0,0
5133.0,449900.0,0
5134.0,105960.0,0
5135.0,439840.0,0
5136.0,662700.0,0
5137.0,337870.0,0
5138.0,674640.0,0
5142.0,6833703.34,1
5143.0,355630.0,0
5145.0,727720.0,0
5147.0,511510.0,0
5148.0,888960.0,0
5149.0,1060330.0,0
5150.0,2355080.0,1
5151.0,828740.0,0
5152.0,907680.0,0
5154.0,2274090.0,1
5155.0,145480.0,0
5156.0,166290.0,0
5157.0,3160900.0,1
5158.0,907720.0,0
5159.0,463420.0,0
5160.0,622470.0,0
5161.0,335940.0,0
5162.0,791700.0,0
5163.0,932280.0,0
5164.0,783470.0,0
5165.0,254590.0,0
5167.0,17460.0,0
5169.0,28480.0,0
5170.0,1407780.0,0
5171.0,487390.0,0
5173.0,1279050.0,0
5176.0,71940.0,0
5177.0,455426.0,0
5178.0,783390.0,0
5179.0,129740.0,0
5181.0,3656750.0,1
5182.0,374950.0,0
5183.0,1313510.0,0
5184.0,2927140.0,1
5185.0,194130.0,0
5186.0,1695800.0,0
5187.0,1041930.0,0
5188.0,458500.0,0
5189.0,279950.0,0
5190.0,15400.0,0
5191.0,577320.0,0
5192.0,323520.0,0
5193.0,404650.0,0
5194.0,698770.0,0
5195.0,12965321.27,2
5196.0,336840.0,0
